country_code,country_name,year,balance_usd_m,exports_usd_m,imports_usd_m
4,Afghanistan,2010,-4766.0,388.0,5154.0
4,Afghanistan,2015,-7151.0,571.0,7723.0
4,Afghanistan,2022,-4787.0,413.0,5200.0
4,Afghanistan,2023,-4713.0,438.0,5152.0
4,Afghanistan,2024,-3764.0,486.0,4250.0
2,Africa,1995,-10892.0,103460.0,114352.0
2,Africa,2005,60428.0,306656.0,246228.0
2,Africa,2010,28159.0,496594.0,468435.0
2,Africa,2015,-126462.0,421507.0,547969.0
2,Africa,2022,-50370.0,673300.0,723671.0
2,Africa,2023,-80888.0,639486.0,720375.0
2,Africa,2024,-48777.0,640136.0,688913.0
8,Albania,1995,-511.0,202.0,713.0
8,Albania,2005,-1956.0,658.0,2614.0
8,Albania,2010,-3053.0,1550.0,4603.0
8,Albania,2015,-2391.0,1930.0,4320.0
8,Albania,2022,-4101.0,4306.0,8407.0
8,Albania,2023,-4294.0,4375.0,8669.0
8,Albania,2024,-5603.0,4001.0,9604.0
12,Algeria,1995,-1426.0,9357.0,10782.0
12,Algeria,2005,25645.0,46002.0,20357.0
12,Algeria,2010,16051.0,57051.0,41000.0
12,Algeria,2015,-17007.0,34796.0,51803.0
12,Algeria,2022,24197.0,65102.0,40905.0
12,Algeria,2023,12795.0,57360.0,44564.0
12,Algeria,2024,3903.0,51442.0,47539.0
19,Americas,1995,-181139.0,997709.0,1178848.0
19,Americas,2005,-721825.0,1835325.0,2557150.0
19,Americas,2010,-679532.0,2551125.0,3230657.0
19,Americas,2015,-933649.0,2822984.0,3756634.0
19,Americas,2022,-1388950.0,4057843.0,5446794.0
19,Americas,2023,-1169297.0,3963139.0,5132436.0
19,Americas,2024,-1301051.0,4061918.0,5362969.0
20,Andorra,1995,-978.0,48.0,1025.0
20,Andorra,2005,-1653.0,143.0,1796.0
20,Andorra,2010,-1448.0,92.0,1541.0
20,Andorra,2015,-1204.0,90.0,1294.0
20,Andorra,2022,-1478.0,386.0,1864.0
20,Andorra,2023,-1742.0,252.0,1995.0
24,Angola,1995,2126.0,3592.0,1466.0
24,Angola,2005,15514.0,23835.0,8321.0
24,Angola,2010,34469.0,52612.0,18143.0
24,Angola,2015,12376.0,33925.0,21549.0
24,Angola,2022,33472.0,51275.0,17803.0
24,Angola,2023,23810.0,39506.0,15696.0
24,Angola,2024,28808.0,39839.0,11031.0
660,Anguilla,1995,-52.0,1.0,53.0
660,Anguilla,2005,-126.0,7.0,133.0
660,Anguilla,2010,-137.0,12.0,149.0
660,Anguilla,2015,-371.0,37.0,407.0
660,Anguilla,2022,-1433.0,45.0,1478.0
660,Anguilla,2023,-1378.0,40.0,1419.0
660,Anguilla,2024,-1647.0,51.0,1697.0
28,Antigua and Barbuda,1995,-291.0,53.0,344.0
28,Antigua and Barbuda,2005,-405.0,121.0,525.0
28,Antigua and Barbuda,2010,-466.0,35.0,501.0
28,Antigua and Barbuda,2015,-439.0,26.0,465.0
28,Antigua and Barbuda,2022,-606.0,22.0,628.0
28,Antigua and Barbuda,2023,-639.0,30.0,670.0
28,Antigua and Barbuda,2024,-630.0,33.0,663.0
32,Argentina,1995,841.0,20963.0,20122.0
32,Argentina,2005,11418.0,40106.0,28689.0
32,Argentina,2010,11382.0,68174.0,56792.0
32,Argentina,2015,-3419.0,56784.0,60203.0
32,Argentina,2022,6923.0,88446.0,81523.0
32,Argentina,2023,-6925.0,66789.0,73714.0
32,Argentina,2024,18928.0,79703.0,60776.0
51,Armenia,1995,-403.0,271.0,674.0
51,Armenia,2005,-755.0,937.0,1692.0
51,Armenia,2010,-2770.0,1011.0,3782.0
51,Armenia,2015,-1774.0,1483.0,3257.0
51,Armenia,2022,-3286.0,5364.0,8650.0
51,Armenia,2023,-3651.0,8371.0,12022.0
51,Armenia,2024,-3775.0,13028.0,16803.0
533,Aruba,1995,-551.0,15.0,566.0
533,Aruba,2005,-924.0,106.0,1030.0
533,Aruba,2010,-947.0,125.0,1071.0
533,Aruba,2015,-1085.0,80.0,1165.0
533,Aruba,2022,-1368.0,105.0,1473.0
533,Aruba,2023,-1426.0,111.0,1537.0
533,Aruba,2024,-1141.0,89.0,1230.0
142,Asia,1995,56953.0,1557385.0,1500432.0
142,Asia,2005,397647.0,3569857.0,3172210.0
142,Asia,2010,436440.0,5896164.0,5459724.0
142,Asia,2015,599816.0,6833753.0,6233938.0
142,Asia,2022,800343.0,10593170.0,9792827.0
142,Asia,2023,777774.0,9903060.0,9125286.0
142,Asia,2024,753921.0,9834599.0,9080678.0
36,Australia,1995,-4752.0,52628.0,57381.0
36,Australia,2005,-19210.0,106011.0,125221.0
36,Australia,2010,10405.0,212109.0,201703.0
36,Australia,2015,-12322.0,187792.0,200114.0
36,Australia,2022,100953.0,410253.0,309300.0
36,Australia,2023,81374.0,369235.0,287861.0
36,Australia,2024,44373.0,340855.0,296482.0
53,Australia and New Zealand,1995,-4965.0,66374.0,71338.0
53,Australia and New Zealand,2005,-23714.0,127740.0,151453.0
53,Australia and New Zealand,2010,11183.0,243502.0,232319.0
53,Australia and New Zealand,2015,-14493.0,222149.0,236642.0
53,Australia and New Zealand,2022,91718.0,455868.0,364150.0
53,Australia and New Zealand,2023,73039.0,411359.0,338320.0
53,Australia and New Zealand,2024,39629.0,383685.0,344056.0
40,Austria,1995,-12871.0,53460.0,66331.0
40,Austria,2005,-2228.0,117722.0,119950.0
40,Austria,2010,-5711.0,144882.0,150593.0
40,Austria,2015,-2652.0,145276.0,147928.0
40,Austria,2022,-22722.0,203753.0,226475.0
40,Austria,2023,-2920.0,216177.0,219097.0
40,Austria,2024,2019.0,206423.0,204403.0
31,Azerbaijan,1995,-30.0,637.0,666.0
31,Azerbaijan,2005,136.0,4347.0,4211.0
31,Azerbaijan,2010,14682.0,21278.0,6597.0
31,Azerbaijan,2015,3432.0,12646.0,9214.0
31,Azerbaijan,2022,23611.0,38146.0,14536.0
31,Azerbaijan,2023,16620.0,33899.0,17278.0
31,Azerbaijan,2024,5499.0,26554.0,21055.0
44,Bahamas (The),1995,-1067.0,176.0,1243.0
44,Bahamas (The),2005,-2296.0,271.0,2567.0
44,Bahamas (The),2010,-2242.0,620.0,2862.0
44,Bahamas (The),2015,-2719.0,443.0,3161.0
44,Bahamas (The),2022,-3184.0,574.0,3758.0
44,Bahamas (The),2023,-3487.0,701.0,4187.0
44,Bahamas (The),2024,-4065.0,433.0,4498.0
48,Bahrain,1995,-204.0,3475.0,3679.0
48,Bahrain,2005,899.0,10239.0,9339.0
48,Bahrain,2010,58.0,16059.0,16002.0
48,Bahrain,2015,-2508.0,13882.0,16390.0
48,Bahrain,2022,6718.0,22252.0,15535.0
48,Bahrain,2023,-2947.0,12407.0,15354.0
48,Bahrain,2024,-5192.0,10412.0,15605.0
50,Bangladesh,1995,-2031.0,3407.0,5438.0
50,Bangladesh,2005,-3299.0,9332.0,12631.0
50,Bangladesh,2010,-11273.0,19231.0,30504.0
50,Bangladesh,2015,-16325.0,31734.0,48059.0
50,Bangladesh,2022,-33076.0,47086.0,80162.0
50,Bangladesh,2023,-22829.0,38769.0,61598.0
50,Bangladesh,2024,-21663.0,41371.0,63033.0
52,Barbados,1995,-528.0,238.0,766.0
52,Barbados,2005,-1311.0,361.0,1672.0
52,Barbados,2010,-883.0,314.0,1196.0
52,Barbados,2015,-1135.0,483.0,1618.0
52,Barbados,2022,-1653.0,498.0,2151.0
52,Barbados,2023,-1667.0,476.0,2143.0
52,Barbados,2024,-1671.0,494.0,2165.0
112,Belarus,1995,-759.0,4623.0,5382.0
112,Belarus,2005,-722.0,15977.0,16699.0
112,Belarus,2010,-9601.0,25283.0,34884.0
112,Belarus,2015,-3631.0,26660.0,30291.0
112,Belarus,2022,-11361.0,34068.0,45430.0
112,Belarus,2023,-22915.0,31610.0,54525.0
112,Belarus,2024,-18827.0,33677.0,52503.0
56,Belgium,1995,14765.0,168154.0,153388.0
56,Belgium,2005,16606.0,335692.0,319085.0
56,Belgium,2010,16340.0,407596.0,391256.0
56,Belgium,2015,-5182.0,253411.0,258593.0
56,Belgium,2022,-495.0,463782.0,464277.0
56,Belgium,2023,-21980.0,393158.0,415137.0
56,Belgium,2024,10374.0,377265.0,366891.0
84,Belize,1995,-97.0,162.0,259.0
84,Belize,2005,-231.0,208.0,439.0
84,Belize,2010,-418.0,282.0,700.0
84,Belize,2015,-682.0,314.0,996.0
84,Belize,2022,-1092.0,286.0,1378.0
84,Belize,2023,-1084.0,253.0,1337.0
84,Belize,2024,-1172.0,283.0,1455.0
204,Benin,1995,-329.0,415.0,745.0
204,Benin,2005,-611.0,288.0,899.0
204,Benin,2010,-1600.0,534.0,2134.0
204,Benin,2015,-1922.0,625.0,2547.0
204,Benin,2022,-2947.0,899.0,3846.0
204,Benin,2023,-2853.0,1052.0,3905.0
204,Benin,2024,-396.0,2595.0,2991.0
60,Bermuda,1995,-570.0,63.0,633.0
60,Bermuda,2005,-939.0,49.0,988.0
60,Bermuda,2010,-955.0,15.0,970.0
60,Bermuda,2015,-920.0,9.0,929.0
60,Bermuda,2022,-1159.0,34.0,1192.0
60,Bermuda,2023,-1156.0,22.0,1179.0
60,Bermuda,2024,-930.0,39.0,969.0
64,Bhutan,1995,-9.0,103.0,113.0
64,Bhutan,2005,-129.0,258.0,387.0
64,Bhutan,2010,-440.0,413.0,854.0
64,Bhutan,2015,-971.0,782.0,1753.0
64,Bhutan,2022,-3451.0,652.0,4103.0
64,Bhutan,2023,-3119.0,704.0,3823.0
64,Bhutan,2024,-3409.0,812.0,4221.0
68,Bolivia (Plurin. State of),1995,-215.0,1181.0,1396.0
68,Bolivia (Plurin. State of),2005,454.0,2797.0,2343.0
68,Bolivia (Plurin. State of),2010,1448.0,7051.0,5604.0
68,Bolivia (Plurin. State of),2015,-920.0,8923.0,9843.0
68,Bolivia (Plurin. State of),2022,603.0,13653.0,13049.0
68,Bolivia (Plurin. State of),2023,-571.0,10919.0,11489.0
68,Bolivia (Plurin. State of),2024,-845.0,9059.0,9904.0
70,Bosnia and Herzegovina,1995,-917.0,152.0,1068.0
70,Bosnia and Herzegovina,2005,-4665.0,2388.0,7054.0
70,Bosnia and Herzegovina,2010,-4420.0,4803.0,9223.0
70,Bosnia and Herzegovina,2015,-3895.0,5099.0,8994.0
70,Bosnia and Herzegovina,2022,-5701.0,9678.0,15380.0
70,Bosnia and Herzegovina,2023,-6121.0,9228.0,15349.0
70,Bosnia and Herzegovina,2024,-6959.0,8894.0,15853.0
72,Botswana,2005,1268.0,4431.0,3162.0
72,Botswana,2010,-964.0,4693.0,5657.0
72,Botswana,2015,-1718.0,6330.0,8048.0
72,Botswana,2022,300.0,8415.0,8115.0
72,Botswana,2023,-915.0,5503.0,6417.0
72,Botswana,2024,-3888.0,3609.0,7498.0
76,Brazil,1995,-7229.0,46505.0,53734.0
76,Brazil,2005,44928.0,118529.0,73600.0
76,Brazil,2010,20147.0,201915.0,181768.0
76,Brazil,2015,6317.0,186775.0,180457.0
76,Brazil,2022,42119.0,334463.0,292344.0
76,Brazil,2023,86985.0,339696.0,252710.0
76,Brazil,2024,59487.0,337036.0,277549.0
92,British Virgin Islands,1995,-110.0,11.0,122.0
92,British Virgin Islands,2005,-226.0,0.0,227.0
92,British Virgin Islands,2010,-313.0,0.0,313.0
92,British Virgin Islands,2015,-429.0,0.0,429.0
92,British Virgin Islands,2022,-669.0,0.0,669.0
96,Brunei Darussalam,1995,301.0,2379.0,2078.0
96,Brunei Darussalam,2005,4794.0,6242.0,1447.0
96,Brunei Darussalam,2010,6369.0,8908.0,2539.0
96,Brunei Darussalam,2015,3124.0,6353.0,3229.0
96,Brunei Darussalam,2022,5046.0,14230.0,9184.0
96,Brunei Darussalam,2023,3756.0,11241.0,7484.0
96,Brunei Darussalam,2024,3459.0,10462.0,7003.0
100,Bulgaria,1995,-249.0,5220.0,5469.0
100,Bulgaria,2005,-6423.0,11739.0,18162.0
100,Bulgaria,2010,-4752.0,20608.0,25360.0
100,Bulgaria,2015,-3486.0,25779.0,29265.0
100,Bulgaria,2022,-7841.0,50250.0,58092.0
100,Bulgaria,2023,-5628.0,47901.0,53529.0
100,Bulgaria,2024,-7159.0,46647.0,53806.0
854,Burkina Faso,1995,-313.0,171.0,484.0
854,Burkina Faso,2005,-828.0,332.0,1161.0
854,Burkina Faso,2010,-760.0,1288.0,2048.0
854,Burkina Faso,2015,-852.0,2217.0,3069.0
854,Burkina Faso,2022,-1091.0,4556.0,5647.0
854,Burkina Faso,2023,-1422.0,4459.0,5880.0
854,Burkina Faso,2024,-786.0,5642.0,6429.0
108,Burundi,1995,-92.0,179.0,270.0
108,Burundi,2005,-144.0,114.0,258.0
108,Burundi,2010,-286.0,118.0,404.0
108,Burundi,2015,-447.0,114.0,561.0
108,Burundi,2022,-1053.0,208.0,1260.0
108,Burundi,2023,-978.0,186.0,1164.0
108,Burundi,2024,-725.0,117.0,842.0
132,Cabo Verde,1995,-243.0,9.0,252.0
132,Cabo Verde,2005,-349.0,89.0,438.0
132,Cabo Verde,2010,-511.0,220.0,731.0
132,Cabo Verde,2015,-537.0,67.0,603.0
132,Cabo Verde,2022,-1463.0,310.0,1772.0
132,Cabo Verde,2023,-1477.0,282.0,1759.0
132,Cabo Verde,2024,-1743.0,277.0,2020.0
116,Cambodia,1995,-142.0,76.0,217.0
116,Cambodia,2005,467.0,3019.0,2552.0
116,Cambodia,2010,688.0,5590.0,4903.0
116,Cambodia,2015,-2126.0,8542.0,10669.0
116,Cambodia,2022,-9366.0,20576.0,29942.0
116,Cambodia,2023,-2734.0,21677.0,24411.0
116,Cambodia,2024,-4210.0,24436.0,28646.0
120,Cameroon,1995,460.0,1539.0,1079.0
120,Cameroon,2005,49.0,2849.0,2800.0
120,Cameroon,2010,-1255.0,3878.0,5133.0
120,Cameroon,2015,-1984.0,4053.0,6037.0
120,Cameroon,2022,-2394.0,6062.0,8457.0
120,Cameroon,2023,-4231.0,4661.0,8892.0
120,Cameroon,2024,-2467.0,6422.0,8889.0
124,Canada,1995,26747.0,191118.0,164371.0
124,Canada,2005,46108.0,360552.0,314444.0
124,Canada,2010,-5529.0,386580.0,392109.0
124,Canada,2015,-10677.0,408697.0,419375.0
124,Canada,2022,25182.0,596761.0,571579.0
124,Canada,2023,8199.0,566655.0,558455.0
124,Canada,2024,10720.0,569169.0,558449.0
29,Caribbean,1995,-12598.0,8346.0,20945.0
29,Caribbean,2005,-15592.0,21331.0,36923.0
29,Caribbean,2010,-28371.0,24874.0,53245.0
29,Caribbean,2015,-28446.0,25244.0,53690.0
29,Caribbean,2022,-44434.0,28181.0,72615.0
29,Caribbean,2023,-49849.0,26519.0,76368.0
29,Caribbean,2024,-45769.0,25701.0,71469.0
136,Cayman Islands,1995,-386.0,4.0,390.0
136,Cayman Islands,2005,-1138.0,52.0,1191.0
136,Cayman Islands,2010,-804.0,24.0,828.0
136,Cayman Islands,2015,-851.0,65.0,915.0
136,Cayman Islands,2022,-1758.0,38.0,1796.0
136,Cayman Islands,2023,-1787.0,45.0,1832.0
140,Central African Republic,1995,-146.0,120.0,265.0
140,Central African Republic,2005,-75.0,111.0,185.0
140,Central African Republic,2010,-120.0,90.0,210.0
140,Central African Republic,2015,-360.0,97.0,457.0
140,Central African Republic,2022,-508.0,116.0,623.0
140,Central African Republic,2023,-629.0,113.0,742.0
140,Central African Republic,2024,-532.0,74.0,606.0
13,Central America,1995,-17.0,87067.0,87084.0
13,Central America,2005,-26340.0,233506.0,259847.0
13,Central America,2010,-29642.0,336529.0,366171.0
13,Central America,2015,-48888.0,427547.0,476435.0
13,Central America,2022,-83748.0,633145.0,716893.0
13,Central America,2023,-56615.0,650742.0,707357.0
13,Central America,2024,-63784.0,676604.0,740388.0
143,Central Asia,1995,1407.0,10782.0,9375.0
143,Central Asia,2005,11246.0,36890.0,25644.0
143,Central Asia,2010,33976.0,74961.0,40985.0
143,Central Asia,2015,-967.0,63093.0,64061.0
143,Central Asia,2022,31243.0,108901.0,77658.0
143,Central Asia,2023,183.0,118791.0,118608.0
143,Central Asia,2024,-4906.0,127993.0,132899.0
148,Chad,1995,28.0,243.0,214.0
148,Chad,2005,2142.0,3095.0,953.0
148,Chad,2010,904.0,3410.0,2507.0
148,Chad,2015,1323.0,2223.0,900.0
148,Chad,2022,3307.0,4572.0,1266.0
148,Chad,2023,2830.0,4225.0,1395.0
148,Chad,2024,3196.0,4756.0,1560.0
152,Chile,1995,998.0,15901.0,14903.0
152,Chile,2005,9046.0,41973.0,32927.0
152,Chile,2010,12099.0,71106.0,59007.0
152,Chile,2015,-201.0,62118.0,62319.0
152,Chile,2022,-6049.0,98557.0,104606.0
152,Chile,2023,9430.0,94936.0,85505.0
152,Chile,2024,14801.0,99094.0,84292.0
156,China,1995,17263.0,148616.0,131353.0
156,China,2005,102001.0,761953.0,659953.0
156,China,2010,181762.0,1577764.0,1396002.0
156,China,2015,593904.0,2273468.0,1679564.0
156,China,2022,877604.0,3593601.0,2715998.0
156,China,2023,822985.0,3379748.0,2556763.0
156,China,2024,991409.0,3576543.0,2585135.0
344,"China, Hong Kong SAR",1995,-22201.0,173871.0,196072.0
344,"China, Hong Kong SAR",2005,-8042.0,292119.0,300160.0
344,"China, Hong Kong SAR",2010,-40677.0,400692.0,441369.0
344,"China, Hong Kong SAR",2015,-48753.0,510553.0,559306.0
344,"China, Hong Kong SAR",2022,-58345.0,610138.0,668483.0
344,"China, Hong Kong SAR",2023,-79780.0,575044.0,654824.0
344,"China, Hong Kong SAR",2024,-58493.0,639411.0,697904.0
446,"China, Macao SAR",1995,-1.0,2025.0,2025.0
446,"China, Macao SAR",2005,-2040.0,2474.0,4514.0
446,"China, Macao SAR",2010,-4760.0,870.0,5629.0
446,"China, Macao SAR",2015,-9264.0,1339.0,10603.0
446,"China, Macao SAR",2022,-16064.0,1367.0,17431.0
446,"China, Macao SAR",2023,-16339.0,1222.0,17561.0
446,"China, Macao SAR",2024,-14823.0,1070.0,15892.0
170,Colombia,1995,-3682.0,10201.0,13883.0
170,Colombia,2005,-14.0,21190.0,21204.0
170,Colombia,2010,-863.0,39820.0,40683.0
170,Colombia,2015,-18345.0,35691.0,54036.0
170,Colombia,2022,-20500.0,56910.0,77410.0
170,Colombia,2023,-13011.0,49769.0,62781.0
170,Colombia,2024,-14294.0,49826.0,64120.0
174,Comoros,1995,-51.0,11.0,62.0
174,Comoros,2005,-81.0,4.0,85.0
174,Comoros,2010,-167.0,14.0,181.0
174,Comoros,2015,-198.0,16.0,214.0
174,Comoros,2022,-345.0,50.0,395.0
174,Comoros,2023,-306.0,49.0,355.0
174,Comoros,2024,-460.0,20.0,480.0
178,Congo,1995,534.0,1090.0,556.0
178,Congo,2005,3402.0,4744.0,1342.0
178,Congo,2010,2548.0,6918.0,4369.0
178,Congo,2015,-1927.0,8623.0,10550.0
178,Congo,2022,5238.0,8870.0,3632.0
178,Congo,2023,2099.0,8012.0,5913.0
178,Congo,2024,3467.0,8363.0,4896.0
184,Cook Islands,1995,-44.0,5.0,49.0
184,Cook Islands,2005,-76.0,5.0,81.0
184,Cook Islands,2010,-85.0,5.0,91.0
184,Cook Islands,2015,-95.0,14.0,109.0
184,Cook Islands,2022,-42.0,1.0,42.0
188,Costa Rica,1995,-504.0,2702.0,3205.0
188,Costa Rica,2005,-2023.0,7151.0,9173.0
188,Costa Rica,2010,-4875.0,9045.0,13920.0
188,Costa Rica,2015,-5926.0,9578.0,15504.0
188,Costa Rica,2022,-5821.0,15320.0,21140.0
188,Costa Rica,2023,-4406.0,18106.0,22512.0
188,Costa Rica,2024,-3309.0,20509.0,23818.0
191,Croatia,1995,-2877.0,4633.0,7509.0
191,Croatia,2005,-9788.0,8773.0,18560.0
191,Croatia,2010,-8256.0,11811.0,20067.0
191,Croatia,2015,-7737.0,12844.0,20580.0
191,Croatia,2022,-18732.0,25383.0,44115.0
191,Croatia,2023,-17882.0,24670.0,42553.0
191,Croatia,2024,-19424.0,26063.0,45487.0
192,Cuba,1995,-1384.0,1491.0,2874.0
192,Cuba,2005,-5766.0,2319.0,8084.0
192,Cuba,2010,-6574.0,4914.0,11488.0
192,Cuba,2015,-7100.0,1318.0,8418.0
192,Cuba,2022,-7663.0,2170.0,9833.0
192,Cuba,2023,-8464.0,2102.0,10566.0
192,Cuba,2024,-6289.0,777.0,7067.0
196,Cyprus,1995,-2463.0,1231.0,3694.0
196,Cyprus,2005,-4836.0,1546.0,6382.0
196,Cyprus,2010,-7138.0,1506.0,8645.0
196,Cyprus,2015,-3780.0,3359.0,7139.0
196,Cyprus,2022,-7477.0,4411.0,11889.0
196,Cyprus,2023,-8934.0,5067.0,14001.0
196,Cyprus,2024,-8926.0,4496.0,13422.0
203,Czechia,1995,-3618.0,21686.0,25303.0
203,Czechia,2005,1681.0,78209.0,76527.0
203,Czechia,2010,6450.0,132141.0,125691.0
203,Czechia,2015,16478.0,157194.0,140716.0
203,Czechia,2022,5369.0,241689.0,236320.0
203,Czechia,2023,24414.0,253328.0,228913.0
203,Czechia,2024,29895.0,259292.0,229397.0
384,Côte dIvoire,1995,1264.0,3736.0,2472.0
384,Côte dIvoire,2005,1383.0,7248.0,5865.0
384,Côte dIvoire,2010,2434.0,10284.0,7849.0
384,Côte dIvoire,2015,2154.0,12560.0,10406.0
384,Côte dIvoire,2022,-1460.0,16429.0,17889.0
384,Côte dIvoire,2023,-492.0,18350.0,18842.0
384,Côte dIvoire,2024,694.0,20924.0,20230.0
408,Dem. People's Rep. Korea,1995,-1382.0,1739.0,3122.0
408,Dem. People's Rep. Korea,2005,-679.0,787.0,1466.0
408,Dem. People's Rep. Korea,2010,-1075.0,882.0,1957.0
408,Dem. People's Rep. Korea,2015,-629.0,3084.0,3714.0
408,Dem. People's Rep. Korea,2022,-1463.0,301.0,1763.0
408,Dem. People's Rep. Korea,2023,-2284.0,366.0,2651.0
408,Dem. People's Rep. Korea,2024,-1356.0,412.0,1768.0
180,Dem. Rep. of the Congo,1995,693.0,1562.0,869.0
180,Dem. Rep. of the Congo,2005,-78.0,2190.0,2268.0
180,Dem. Rep. of the Congo,2010,800.0,5300.0,4500.0
180,Dem. Rep. of the Congo,2015,617.0,8685.0,8068.0
180,Dem. Rep. of the Congo,2022,4266.0,15672.0,11407.0
180,Dem. Rep. of the Congo,2023,2198.0,27727.0,25529.0
180,Dem. Rep. of the Congo,2024,14536.0,36799.0,22263.0
208,Denmark,1995,5648.0,48789.0,43142.0
208,Denmark,2005,9562.0,82278.0,72716.0
208,Denmark,2010,13492.0,96217.0,82724.0
208,Denmark,2015,9291.0,94619.0,85327.0
208,Denmark,2022,2733.0,129811.0,127078.0
208,Denmark,2023,8389.0,128600.0,120211.0
208,Denmark,2024,10486.0,133702.0,123216.0
262,Djibouti,1995,-163.0,13.0,176.0
262,Djibouti,2005,-238.0,39.0,277.0
262,Djibouti,2010,-133.0,470.0,603.0
262,Djibouti,2015,-773.0,251.0,1024.0
262,Djibouti,2022,-483.0,4608.0,5091.0
262,Djibouti,2023,-510.0,4785.0,5295.0
262,Djibouti,2024,-459.0,4083.0,4542.0
212,Dominica,1995,-72.0,45.0,117.0
212,Dominica,2005,-124.0,42.0,165.0
212,Dominica,2010,-190.0,34.0,225.0
212,Dominica,2015,-191.0,10.0,201.0
212,Dominica,2022,-244.0,22.0,267.0
212,Dominica,2023,-279.0,22.0,301.0
212,Dominica,2024,-253.0,3.0,256.0
214,Dominican Republic,1995,-2283.0,872.0,3155.0
214,Dominican Republic,2005,-621.0,6183.0,6804.0
214,Dominican Republic,2010,-10371.0,4767.0,15138.0
214,Dominican Republic,2015,-9298.0,9389.0,18687.0
214,Dominican Republic,2022,-20119.0,9836.0,29955.0
214,Dominican Republic,2023,-19409.0,11932.0,31341.0
214,Dominican Republic,2024,-19769.0,12924.0,32693.0
14,Eastern Africa,1995,-8481.0,9499.0,17980.0
14,Eastern Africa,2005,-14945.0,16297.0,31243.0
14,Eastern Africa,2010,-31036.0,31652.0,62688.0
14,Eastern Africa,2015,-53818.0,39711.0,93529.0
14,Eastern Africa,2022,-65921.0,63229.0,129150.0
14,Eastern Africa,2023,-60223.0,65358.0,125581.0
14,Eastern Africa,2024,-38634.0,68698.0,107332.0
30,Eastern Asia,1995,90528.0,894718.0,804190.0
30,Eastern Asia,2005,193379.0,1937757.0,1744378.0
30,Eastern Asia,2010,251847.0,3219271.0,2967424.0
30,Eastern Asia,2015,625702.0,3944740.0,3319038.0
30,Eastern Asia,2022,605805.0,5648188.0,5042383.0
30,Eastern Asia,2023,685798.0,5320872.0,4635074.0
30,Eastern Asia,2024,935544.0,5624617.0,4689072.0
151,Eastern Europe,1995,15036.0,176871.0,161835.0
151,Eastern Europe,2005,103628.0,594285.0,490657.0
151,Eastern Europe,2010,125955.0,994605.0,868649.0
151,Eastern Europe,2015,176030.0,1024008.0,847978.0
151,Eastern Europe,2022,251248.0,1687913.0,1436665.0
151,Eastern Europe,2023,150810.0,1586274.0,1435463.0
151,Eastern Europe,2024,119604.0,1589295.0,1469692.0
218,Ecuador,1995,166.0,4361.0,4195.0
218,Ecuador,2005,261.0,9869.0,9609.0
218,Ecuador,2010,-3101.0,17490.0,20591.0
218,Ecuador,2015,-3057.0,18331.0,21387.0
218,Ecuador,2022,2331.0,35380.0,33049.0
218,Ecuador,2023,231.0,31126.0,30896.0
218,Ecuador,2024,2068.0,31558.0,29490.0
818,Egypt,1995,-8295.0,3444.0,11739.0
818,Egypt,2005,-9166.0,10646.0,19812.0
818,Egypt,2010,-26672.0,26332.0,53003.0
818,Egypt,2015,-52139.0,21859.0,73998.0
818,Egypt,2022,-44073.0,52116.0,96189.0
818,Egypt,2023,-41664.0,42553.0,84218.0
818,Egypt,2024,-49851.0,44847.0,94698.0
222,El Salvador,1995,-1642.0,985.0,2628.0
222,El Salvador,2005,-3373.0,3436.0,6809.0
222,El Salvador,2010,-3917.0,4499.0,8416.0
222,El Salvador,2015,-4784.0,5509.0,10293.0
222,El Salvador,2022,-9993.0,7115.0,17108.0
222,El Salvador,2023,-9150.0,6498.0,15648.0
222,El Salvador,2024,-9525.0,6447.0,15973.0
226,Equatorial Guinea,1995,36.0,86.0,50.0
226,Equatorial Guinea,2005,5753.0,7062.0,1309.0
226,Equatorial Guinea,2010,4285.0,9964.0,5679.0
226,Equatorial Guinea,2015,4734.0,6566.0,1832.0
226,Equatorial Guinea,2022,6568.0,7591.0,1023.0
226,Equatorial Guinea,2023,3615.0,4738.0,1123.0
226,Equatorial Guinea,2024,3235.0,4306.0,1071.0
232,Eritrea,1995,-359.0,73.0,432.0
232,Eritrea,2005,-493.0,11.0,503.0
232,Eritrea,2010,-1175.0,13.0,1187.0
232,Eritrea,2015,-32.0,415.0,447.0
232,Eritrea,2022,77.0,586.0,508.0
232,Eritrea,2023,-11.0,475.0,487.0
232,Eritrea,2024,37.0,560.0,523.0
233,Estonia,1995,-706.0,1840.0,2546.0
233,Estonia,2005,-2770.0,8247.0,11018.0
233,Estonia,2010,-385.0,12811.0,13197.0
233,Estonia,2015,-1824.0,13908.0,15732.0
233,Estonia,2022,-3936.0,23600.0,27536.0
233,Estonia,2023,-3329.0,20108.0,23437.0
233,Estonia,2024,-2899.0,19773.0,22672.0
748,Eswatini,2005,-378.0,1278.0,1656.0
748,Eswatini,2010,-153.0,1557.0,1710.0
748,Eswatini,2015,312.0,1820.0,1508.0
748,Eswatini,2022,-133.0,1991.0,2124.0
748,Eswatini,2023,57.0,2096.0,2039.0
748,Eswatini,2024,-138.0,2440.0,2579.0
231,Ethiopia,1995,-719.0,422.0,1141.0
231,Ethiopia,2005,-3169.0,926.0,4095.0
231,Ethiopia,2010,-6272.0,2330.0,8602.0
231,Ethiopia,2015,-15662.0,2024.0,17686.0
231,Ethiopia,2022,-13453.0,3085.0,16538.0
231,Ethiopia,2023,-14191.0,2859.0,17050.0
150,Europe,1995,91373.0,2320042.0,2228669.0
150,Europe,2005,87068.0,4527059.0,4439990.0
150,Europe,2010,36284.0,5904975.0,5868691.0
150,Europe,2015,319704.0,5944659.0,5624954.0
150,Europe,2022,-118626.0,8753630.0,8872256.0
150,Europe,2023,70089.0,8494770.0,8424681.0
150,Europe,2024,160935.0,8476345.0,8315410.0
238,Falkland Islands (Malvinas),1995,-23.0,4.0,27.0
238,Falkland Islands (Malvinas),2005,2.0,11.0,8.0
238,Falkland Islands (Malvinas),2010,-41.0,9.0,50.0
238,Falkland Islands (Malvinas),2015,-83.0,186.0,269.0
238,Falkland Islands (Malvinas),2022,258.0,382.0,125.0
238,Falkland Islands (Malvinas),2023,142.0,341.0,200.0
238,Falkland Islands (Malvinas),2024,70.0,339.0,269.0
234,Faroe Islands,1995,48.0,362.0,314.0
234,Faroe Islands,2005,-145.0,602.0,747.0
234,Faroe Islands,2010,59.0,839.0,780.0
234,Faroe Islands,2015,140.0,1365.0,1225.0
234,Faroe Islands,2022,185.0,2167.0,1982.0
234,Faroe Islands,2023,449.0,2403.0,1954.0
234,Faroe Islands,2024,401.0,2364.0,1963.0
242,Fiji,1995,-273.0,619.0,891.0
242,Fiji,2005,-906.0,702.0,1607.0
242,Fiji,2010,-967.0,841.0,1808.0
242,Fiji,2015,-1286.0,981.0,2268.0
242,Fiji,2022,-1942.0,1055.0,2997.0
242,Fiji,2023,-2033.0,1068.0,3100.0
242,Fiji,2024,-1963.0,1133.0,3096.0
246,Finland,1995,10889.0,40409.0,29520.0
246,Finland,2005,6766.0,65238.0,58473.0
246,Finland,2010,1349.0,70117.0,68767.0
246,Finland,2015,-492.0,59682.0,60174.0
246,Finland,2022,-11146.0,86228.0,97374.0
246,Finland,2023,-526.0,82568.0,83094.0
246,Finland,2024,-2259.0,78155.0,80414.0
250,France,1995,3692.0,277079.0,273387.0
250,France,2005,-41503.0,434354.0,475857.0
250,France,2010,-87520.0,511651.0,599172.0
250,France,2015,-69457.0,493941.0,563398.0
250,France,2022,-201099.0,618299.0,819398.0
250,France,2023,-136931.0,640201.0,777132.0
250,France,2024,-116086.0,645959.0,762045.0
254,French Guiana,1995,-625.0,158.0,783.0
258,French Polynesia,1995,-675.0,173.0,848.0
258,French Polynesia,2005,-1491.0,210.0,1702.0
258,French Polynesia,2010,-1573.0,153.0,1726.0
258,French Polynesia,2015,-1397.0,130.0,1527.0
258,French Polynesia,2022,-2074.0,146.0,2220.0
258,French Polynesia,2023,-2058.0,244.0,2303.0
258,French Polynesia,2024,-2131.0,159.0,2290.0
266,Gabon,1995,1834.0,2718.0,884.0
266,Gabon,2005,3617.0,5068.0,1451.0
266,Gabon,2010,5570.0,8539.0,2969.0
266,Gabon,2015,4533.0,10654.0,6121.0
266,Gabon,2022,6411.0,10470.0,4060.0
266,Gabon,2023,8478.0,12695.0,4217.0
266,Gabon,2024,7185.0,11131.0,3946.0
270,Gambia,1995,-196.0,19.0,215.0
270,Gambia,2005,-252.0,7.0,260.0
270,Gambia,2010,-215.0,68.0,284.0
270,Gambia,2015,-308.0,83.0,391.0
270,Gambia,2022,-860.0,55.0,915.0
270,Gambia,2023,-2364.0,83.0,2448.0
270,Gambia,2024,-2218.0,2.0,2220.0
268,Georgia,1995,-245.0,152.0,396.0
268,Georgia,2005,-1624.0,865.0,2490.0
268,Georgia,2010,-3558.0,1677.0,5236.0
268,Georgia,2015,-5100.0,2204.0,7304.0
268,Georgia,2022,-7964.0,5583.0,13548.0
268,Georgia,2023,-9514.0,6091.0,15605.0
268,Georgia,2024,-10422.0,6560.0,16983.0
276,Germany,1995,54079.0,518224.0,464145.0
276,Germany,2005,197313.0,977132.0,779819.0
276,Germany,2010,207071.0,1267743.0,1060672.0
276,Germany,2015,270964.0,1328500.0,1057536.0
276,Germany,2022,97289.0,1686142.0,1588853.0
276,Germany,2023,228021.0,1697350.0,1469329.0
276,Germany,2024,258074.0,1691415.0,1433340.0
288,Ghana,1995,-142.0,1755.0,1897.0
288,Ghana,2005,-1819.0,3060.0,4878.0
288,Ghana,2010,-2824.0,5233.0,8057.0
288,Ghana,2015,-932.0,13756.0,14687.0
288,Ghana,2022,-584.0,17379.0,17963.0
288,Ghana,2023,480.0,16875.0,16394.0
288,Ghana,2024,1678.0,20157.0,18479.0
292,Gibraltar,1995,-294.0,114.0,408.0
292,Gibraltar,2005,-306.0,195.0,501.0
292,Gibraltar,2010,-368.0,259.0,627.0
292,Gibraltar,2015,-9202.0,402.0,9603.0
292,Gibraltar,2022,-13183.0,410.0,13593.0
292,Gibraltar,2023,-11673.0,476.0,12149.0
292,Gibraltar,2024,-14106.0,126.0,14232.0
300,Greece,1995,-14909.0,10896.0,25805.0
300,Greece,2005,-37459.0,17434.0,54894.0
300,Greece,2010,-38867.0,27586.0,66453.0
300,Greece,2015,-18975.0,28289.0,47264.0
300,Greece,2022,-40402.0,57568.0,97970.0
300,Greece,2023,-33555.0,55052.0,88606.0
300,Greece,2024,-35916.0,53357.0,89273.0
304,Greenland,1995,-57.0,364.0,421.0
304,Greenland,2005,-297.0,402.0,700.0
304,Greenland,2010,-458.0,389.0,847.0
304,Greenland,2015,-261.0,406.0,667.0
304,Greenland,2022,-202.0,921.0,1124.0
304,Greenland,2023,-216.0,1006.0,1221.0
304,Greenland,2024,-160.0,920.0,1080.0
308,Grenada,1995,-107.0,22.0,129.0
308,Grenada,2005,-306.0,28.0,334.0
308,Grenada,2010,-281.0,25.0,306.0
308,Grenada,2015,-318.0,33.0,351.0
308,Grenada,2022,-552.0,37.0,589.0
308,Grenada,2023,-563.0,46.0,609.0
308,Grenada,2024,-591.0,43.0,635.0
312,Guadeloupe,1995,-1739.0,162.0,1901.0
320,Guatemala,1995,-1357.0,1936.0,3292.0
320,Guatemala,2005,-5119.0,5381.0,10500.0
320,Guatemala,2010,-5370.0,8460.0,13830.0
320,Guatemala,2015,-6960.0,10677.0,17637.0
320,Guatemala,2022,-16293.0,15806.0,32099.0
320,Guatemala,2023,-16017.0,14261.0,30278.0
320,Guatemala,2024,-17704.0,14760.0,32465.0
324,Guinea,1995,-117.0,702.0,819.0
324,Guinea,2005,-852.0,796.0,1648.0
324,Guinea,2010,69.0,1471.0,1402.0
324,Guinea,2015,-565.0,1574.0,2139.0
324,Guinea,2022,1138.0,6329.0,5191.0
324,Guinea,2023,-262.0,5222.0,5483.0
324,Guinea,2024,-980.0,4746.0,5726.0
624,Guinea-Bissau,1995,-89.0,45.0,134.0
624,Guinea-Bissau,2005,-88.0,23.0,112.0
624,Guinea-Bissau,2010,-77.0,120.0,197.0
624,Guinea-Bissau,2015,174.0,327.0,153.0
624,Guinea-Bissau,2022,260.0,507.0,247.0
624,Guinea-Bissau,2023,104.0,427.0,322.0
624,Guinea-Bissau,2024,105.0,416.0,311.0
328,Guyana,1995,-17.0,455.0,472.0
328,Guyana,2005,-239.0,539.0,778.0
328,Guyana,2010,-551.0,901.0,1452.0
328,Guyana,2015,-315.0,1169.0,1484.0
328,Guyana,2022,18828.0,22562.0,3734.0
328,Guyana,2023,5582.0,10812.0,5230.0
328,Guyana,2024,15204.0,22415.0,7211.0
332,Haiti,1995,-615.0,35.0,650.0
332,Haiti,2005,-979.0,470.0,1449.0
332,Haiti,2010,-2568.0,579.0,3147.0
332,Haiti,2015,-905.0,1083.0,1987.0
332,Haiti,2022,-1100.0,1203.0,2302.0
332,Haiti,2023,-1192.0,953.0,2145.0
332,Haiti,2024,-962.0,761.0,1723.0
340,Honduras,1995,-1072.0,656.0,1728.0
340,Honduras,2005,-3125.0,1294.0,4419.0
340,Honduras,2010,-3791.0,3104.0,6895.0
340,Honduras,2015,-4179.0,4201.0,8381.0
340,Honduras,2022,-8207.0,5875.0,14082.0
340,Honduras,2023,-7210.0,7171.0,14381.0
340,Honduras,2024,-7769.0,6794.0,14564.0
348,Hungary,1995,-2734.0,12452.0,15186.0
348,Hungary,2005,-3648.0,62272.0,65920.0
348,Hungary,2010,7317.0,94749.0,87432.0
348,Hungary,2015,9536.0,100297.0,90761.0
348,Hungary,2022,-9400.0,149934.0,159335.0
348,Hungary,2023,9022.0,158563.0,149541.0
348,Hungary,2024,16075.0,167705.0,151631.0
352,Iceland,1995,51.0,1803.0,1751.0
352,Iceland,2005,-1888.0,3091.0,4979.0
352,Iceland,2010,689.0,4603.0,3914.0
352,Iceland,2015,-563.0,4722.0,5285.0
352,Iceland,2022,-2240.0,7404.0,9644.0
352,Iceland,2023,-2663.0,6808.0,9470.0
352,Iceland,2024,-2888.0,6947.0,9836.0
356,India,1995,-4893.0,31699.0,36592.0
356,India,2005,-40509.0,100353.0,140862.0
356,India,2010,-129621.0,220408.0,350029.0
356,India,2015,-126364.0,264381.0,390745.0
356,India,2022,-279882.0,452684.0,732566.0
356,India,2023,-240728.0,431412.0,672140.0
356,India,2024,-263310.0,434435.0,697745.0
360,Indonesia,1995,4789.0,45418.0,40629.0
360,Indonesia,2005,27959.0,85660.0,57701.0
360,Indonesia,2010,22116.0,157779.0,135663.0
360,Indonesia,2015,7671.0,150366.0,142695.0
360,Indonesia,2022,54532.0,291979.0,237447.0
360,Indonesia,2023,36888.0,258774.0,221886.0
360,Indonesia,2024,33858.0,262974.0,229116.0
364,Iran (Islamic Republic of),1995,4478.0,18360.0,13882.0
364,Iran (Islamic Republic of),2005,21143.0,60012.0,38869.0
364,Iran (Islamic Republic of),2010,29088.0,83785.0,54697.0
364,Iran (Islamic Republic of),2015,20003.0,60041.0,40037.0
364,Iran (Islamic Republic of),2022,22174.0,80900.0,58726.0
364,Iran (Islamic Republic of),2023,12221.0,64867.0,52647.0
364,Iran (Islamic Republic of),2024,-38194.0,14757.0,52950.0
368,Iraq,1995,110.0,555.0,445.0
368,Iraq,2005,6912.0,19773.0,12861.0
368,Iraq,2010,8568.0,52483.0,43915.0
368,Iraq,2015,18547.0,49403.0,30855.0
368,Iraq,2022,74716.0,126000.0,51284.0
368,Iraq,2023,52239.0,107000.0,54761.0
368,Iraq,2024,51757.0,109974.0,58216.0
372,Ireland,1995,11468.0,43789.0,32321.0
372,Ireland,2005,39719.0,110003.0,70284.0
372,Ireland,2010,56045.0,120645.0,64601.0
372,Ireland,2015,46931.0,124717.0,77787.0
372,Ireland,2022,71333.0,219837.0,148503.0
372,Ireland,2023,62258.0,212870.0,150611.0
372,Ireland,2024,97667.0,242219.0,144552.0
376,Israel,1995,-9282.0,19046.0,28328.0
376,Israel,2005,-2262.0,42771.0,45032.0
376,Israel,2010,-781.0,58413.0,59194.0
376,Israel,2015,1994.0,64062.0,62068.0
376,Israel,2022,-35189.0,72569.0,107758.0
376,Israel,2023,-23247.0,59916.0,83163.0
376,Israel,2024,-31597.0,60255.0,91852.0
380,Italy,1995,30122.0,230441.0,200320.0
380,Italy,2005,-11878.0,372957.0,384836.0
380,Italy,2010,-40145.0,446840.0,486984.0
380,Italy,2015,46055.0,456989.0,410933.0
380,Italy,2022,-35849.0,659387.0,695236.0
380,Italy,2023,37166.0,677095.0,639929.0
380,Italy,2024,59275.0,674874.0,615599.0
388,Jamaica,1995,-1349.0,1424.0,2773.0
388,Jamaica,2005,-3370.0,1514.0,4885.0
388,Jamaica,2010,-3898.0,1328.0,5225.0
388,Jamaica,2015,-3730.0,1263.0,4993.0
388,Jamaica,2022,-5830.0,1901.0,7731.0
388,Jamaica,2023,-5590.0,2002.0,7592.0
388,Jamaica,2024,-5405.0,1930.0,7335.0
392,Japan,1995,106843.0,442937.0,336094.0
392,Japan,2005,79074.0,594941.0,515866.0
392,Japan,2010,75715.0,769774.0,694059.0
392,Japan,2015,-695.0,624874.0,625568.0
392,Japan,2022,-151928.0,746672.0,898600.0
392,Japan,2023,-33804.0,717946.0,751750.0
392,Japan,2024,-35281.0,707390.0,742672.0
400,Jordan,1995,-1928.0,1769.0,3696.0
400,Jordan,2005,-6170.0,4284.0,10455.0
400,Jordan,2010,-8239.0,7023.0,15262.0
400,Jordan,2015,-12642.0,7833.0,20475.0
400,Jordan,2022,-14584.0,12780.0,27364.0
400,Jordan,2023,-13118.0,12590.0,25708.0
400,Jordan,2024,-12212.0,14404.0,26617.0
398,Kazakhstan,1995,1422.0,5227.0,3805.0
398,Kazakhstan,2005,10513.0,27846.0,17333.0
398,Kazakhstan,2010,33220.0,57244.0,24024.0
398,Kazakhstan,2015,15387.0,45954.0,30567.0
398,Kazakhstan,2022,45188.0,76140.0,30952.0
398,Kazakhstan,2023,17575.0,78736.0,61161.0
398,Kazakhstan,2024,20743.0,78255.0,57512.0
404,Kenya,1995,-992.0,1826.0,2818.0
404,Kenya,2005,-2426.0,3420.0,5846.0
404,Kenya,2010,-6924.0,5169.0,12093.0
404,Kenya,2015,-10151.0,5907.0,16058.0
404,Kenya,2022,-13730.0,7371.0,21101.0
404,Kenya,2023,-11446.0,7158.0,18604.0
404,Kenya,2024,-3365.0,9701.0,13066.0
296,Kiribati,1995,-27.0,7.0,34.0
296,Kiribati,2005,-70.0,4.0,74.0
296,Kiribati,2010,-69.0,4.0,73.0
296,Kiribati,2015,-101.0,10.0,111.0
296,Kiribati,2022,-169.0,11.0,181.0
296,Kiribati,2023,-195.0,7.0,202.0
296,Kiribati,2024,-196.0,5.0,201.0
414,Kuwait,1995,5155.0,12944.0,7790.0
414,Kuwait,2005,29068.0,44869.0,15801.0
414,Kuwait,2010,40007.0,62698.0,22691.0
414,Kuwait,2015,23164.0,54121.0,30957.0
414,Kuwait,2022,63849.0,99775.0,35926.0
414,Kuwait,2023,46490.0,83980.0,37490.0
414,Kuwait,2024,37962.0,76292.0,38329.0
417,Kyrgyzstan,1995,-110.0,412.0,522.0
417,Kyrgyzstan,2005,-436.0,672.0,1108.0
417,Kyrgyzstan,2010,-1734.0,1488.0,3223.0
417,Kyrgyzstan,2015,-2627.0,1441.0,4068.0
417,Kyrgyzstan,2022,-7548.0,2255.0,9803.0
417,Kyrgyzstan,2023,-9131.0,3385.0,12516.0
417,Kyrgyzstan,2024,-8167.0,3740.0,11907.0
418,Lao People's Dem. Rep.,1995,-277.0,311.0,588.0
418,Lao People's Dem. Rep.,2005,-322.0,552.0,874.0
418,Lao People's Dem. Rep.,2010,72.0,1909.0,1837.0
418,Lao People's Dem. Rep.,2015,-793.0,2985.0,3778.0
418,Lao People's Dem. Rep.,2022,1948.0,9564.0,7616.0
418,Lao People's Dem. Rep.,2023,-1033.0,6042.0,7075.0
418,Lao People's Dem. Rep.,2024,1034.0,7786.0,6753.0
419,Latin America & the Caribbean,1995,-19321.0,223184.0,242505.0
419,Latin America & the Caribbean,2005,61470.0,569951.0,508481.0
419,Latin America & the Caribbean,2010,18181.0,885906.0,867725.0
419,Latin America & the Caribbean,2015,-108486.0,911494.0,1019980.0
419,Latin America & the Caribbean,2022,-101959.0,1398038.0,1499997.0
419,Latin America & the Caribbean,2023,-26195.0,1376914.0,1403109.0
419,Latin America & the Caribbean,2024,-17671.0,1427987.0,1445658.0
428,Latvia,1995,-513.0,1305.0,1818.0
428,Latvia,2005,-3468.0,5303.0,8770.0
428,Latvia,2010,-2292.0,8851.0,11143.0
428,Latvia,2015,-2446.0,11650.0,14096.0
428,Latvia,2022,-4746.0,22466.0,27212.0
428,Latvia,2023,-4006.0,20540.0,24546.0
428,Latvia,2024,-3109.0,20387.0,23496.0
422,Lebanon,1995,-6469.0,826.0,7295.0
422,Lebanon,2005,-7448.0,1879.0,9327.0
422,Lebanon,2010,-13716.0,4254.0,17970.0
422,Lebanon,2015,-15646.0,2953.0,18600.0
422,Lebanon,2022,-15638.0,3862.0,19500.0
422,Lebanon,2023,-13562.0,4561.0,18122.0
422,Lebanon,2024,-13140.0,4167.0,17307.0
426,Lesotho,2005,-760.0,650.0,1410.0
426,Lesotho,2010,-773.0,503.0,1277.0
426,Lesotho,2015,-815.0,606.0,1421.0
426,Lesotho,2022,-970.0,900.0,1869.0
426,Lesotho,2023,-892.0,830.0,1722.0
426,Lesotho,2024,-910.0,832.0,1742.0
430,Liberia,1995,94.0,452.0,358.0
430,Liberia,2005,-179.0,130.0,309.0
430,Liberia,2010,-488.0,222.0,710.0
430,Liberia,2015,-1426.0,1329.0,2755.0
430,Liberia,2022,-1715.0,203.0,1917.0
430,Liberia,2023,-2010.0,154.0,2163.0
430,Liberia,2024,-1705.0,164.0,1869.0
434,Libya,1995,4451.0,9363.0,4912.0
434,Libya,2005,25215.0,31272.0,6058.0
434,Libya,2010,18766.0,36440.0,17674.0
434,Libya,2015,13084.0,25949.0,12865.0
434,Libya,2022,23068.0,39196.0,16127.0
434,Libya,2023,14884.0,33079.0,18195.0
434,Libya,2024,12263.0,30164.0,17901.0
440,Lithuania,1995,-943.0,2706.0,3649.0
440,Lithuania,2005,-3634.0,12070.0,15704.0
440,Lithuania,2010,-2564.0,20814.0,23378.0
440,Lithuania,2015,-2765.0,25411.0,28176.0
440,Lithuania,2022,-8608.0,46502.0,55110.0
440,Lithuania,2023,-5793.0,42626.0,48418.0
440,Lithuania,2024,-4927.0,39819.0,44747.0
442,Luxembourg,2005,-4871.0,12715.0,17586.0
442,Luxembourg,2010,-6489.0,13911.0,20400.0
442,Luxembourg,2015,-6671.0,12626.0,19296.0
442,Luxembourg,2022,-9877.0,16766.0,26643.0
442,Luxembourg,2023,-9718.0,16368.0,26085.0
442,Luxembourg,2024,-9272.0,15636.0,24908.0
450,Madagascar,1995,-190.0,360.0,550.0
450,Madagascar,2005,-850.0,836.0,1686.0
450,Madagascar,2010,-1464.0,1082.0,2546.0
450,Madagascar,2015,-796.0,2164.0,2961.0
450,Madagascar,2022,-1891.0,3721.0,5613.0
450,Madagascar,2023,-1534.0,3283.0,4817.0
450,Madagascar,2024,-2370.0,2646.0,5017.0
454,Malawi,1995,-67.0,433.0,500.0
454,Malawi,2005,-670.0,495.0,1165.0
454,Malawi,2010,-1107.0,1066.0,2173.0
454,Malawi,2015,-1198.0,1072.0,2270.0
454,Malawi,2022,-687.0,900.0,1586.0
454,Malawi,2023,-2175.0,966.0,3141.0
454,Malawi,2024,-2231.0,396.0,2627.0
458,Malaysia,1995,-3267.0,73778.0,77046.0
458,Malaysia,2005,27334.0,141624.0,114290.0
458,Malaysia,2010,34204.0,198791.0,164586.0
458,Malaysia,2015,24036.0,200211.0,176175.0
458,Malaysia,2022,58247.0,352188.0,293941.0
458,Malaysia,2023,46968.0,312605.0,265638.0
458,Malaysia,2024,29940.0,329454.0,299514.0
462,Maldives,1995,-218.0,50.0,268.0
462,Maldives,2005,-591.0,154.0,745.0
462,Maldives,2010,-1021.0,74.0,1095.0
462,Maldives,2015,-1753.0,144.0,1897.0
462,Maldives,2022,-3364.0,158.0,3523.0
462,Maldives,2023,-3327.0,162.0,3489.0
462,Maldives,2024,-3542.0,92.0,3634.0
466,Mali,1995,-331.0,443.0,774.0
466,Mali,2005,-468.0,1075.0,1544.0
466,Mali,2010,-2707.0,1996.0,4704.0
466,Mali,2015,-1544.0,1850.0,3394.0
466,Mali,2022,-3992.0,4613.0,8605.0
466,Mali,2023,-5546.0,4486.0,10031.0
466,Mali,2024,-6325.0,3962.0,10288.0
470,Malta,1995,-1029.0,1913.0,2942.0
470,Malta,2005,-1435.0,2431.0,3865.0
470,Malta,2010,-2015.0,3717.0,5732.0
470,Malta,2015,-2873.0,3915.0,6788.0
470,Malta,2022,-5305.0,3257.0,8563.0
470,Malta,2023,-4924.0,3467.0,8391.0
470,Malta,2024,-5665.0,3782.0,9447.0
584,Marshall Islands,1995,-52.0,23.0,75.0
584,Marshall Islands,2005,-57.0,11.0,68.0
584,Marshall Islands,2010,-60.0,17.0,76.0
584,Marshall Islands,2015,-1270.0,463.0,1734.0
584,Marshall Islands,2022,-16362.0,1310.0,17672.0
584,Marshall Islands,2023,-18564.0,946.0,19510.0
584,Marshall Islands,2024,-17098.0,1277.0,18375.0
474,Martinique,1995,-1728.0,242.0,1970.0
478,Mauritania,1995,225.0,550.0,326.0
478,Mauritania,2005,-786.0,556.0,1342.0
478,Mauritania,2010,111.0,1819.0,1708.0
478,Mauritania,2015,-1872.0,1832.0,3703.0
478,Mauritania,2022,-1342.0,3778.0,5120.0
478,Mauritania,2023,-752.0,4065.0,4818.0
478,Mauritania,2024,-371.0,4355.0,4726.0
480,Mauritius,1995,-462.0,1538.0,2000.0
480,Mauritius,2005,-1016.0,2144.0,3160.0
480,Mauritius,2010,-2553.0,1850.0,4402.0
480,Mauritius,2015,-1977.0,2481.0,4458.0
480,Mauritius,2022,-4737.0,1881.0,6617.0
480,Mauritius,2023,-4427.0,1854.0,6282.0
480,Mauritius,2024,-4930.0,1720.0,6650.0
175,Mayotte,2005,-303.0,6.0,309.0
54,Melanesia,1995,607.0,4039.0,3432.0
54,Melanesia,2005,-197.0,5199.0,5397.0
54,Melanesia,2010,-1553.0,8112.0,9665.0
54,Melanesia,2015,-1960.0,9258.0,11218.0
54,Melanesia,2022,3659.0,16455.0,12797.0
54,Melanesia,2023,1136.0,14298.0,13162.0
54,Melanesia,2024,2720.0,14843.0,12123.0
484,Mexico,1995,7088.0,79541.0,72453.0
484,Mexico,2005,-7612.0,214207.0,221819.0
484,Mexico,2010,-3177.0,298305.0,301482.0
484,Mexico,2015,-14698.0,380556.0,395254.0
484,Mexico,2022,-26884.0,577731.0,604615.0
484,Mexico,2023,-4060.0,593707.0,597767.0
484,Mexico,2024,-6892.0,618982.0,625874.0
57,Micronesia,1995,131.0,1028.0,897.0
57,Micronesia,2005,-1084.0,1295.0,2379.0
57,Micronesia,2010,-1783.0,1508.0,3292.0
57,Micronesia,2015,-4209.0,2180.0,6389.0
57,Micronesia,2022,-22514.0,3674.0,26188.0
57,Micronesia,2023,-19760.0,1230.0,20990.0
57,Micronesia,2024,-17947.0,1671.0,19618.0
583,Micronesia (Fed. States of),1995,-56.0,43.0,100.0
583,Micronesia (Fed. States of),2005,-115.0,13.0,128.0
583,Micronesia (Fed. States of),2010,-145.0,23.0,168.0
583,Micronesia (Fed. States of),2015,-164.0,16.0,180.0
583,Micronesia (Fed. States of),2022,-516.0,277.0,793.0
583,Micronesia (Fed. States of),2023,-615.0,276.0,892.0
583,Micronesia (Fed. States of),2024,-317.0,372.0,689.0
17,Middle Africa,1995,5542.0,10954.0,5412.0
17,Middle Africa,2005,30278.0,48958.0,18680.0
17,Middle Africa,2010,47094.0,90717.0,43623.0
17,Middle Africa,2015,19179.0,74834.0,55655.0
17,Middle Africa,2022,56186.0,104652.0,48465.0
17,Middle Africa,2023,38001.0,101693.0,63692.0
17,Middle Africa,2024,57090.0,111693.0,54603.0
496,Mongolia,1995,58.0,473.0,415.0
496,Mongolia,2005,-118.0,1064.0,1183.0
496,Mongolia,2010,-291.0,2908.0,3200.0
496,Mongolia,2015,873.0,4669.0,3797.0
496,Mongolia,2022,3811.0,12558.0,8747.0
496,Mongolia,2023,5765.0,14741.0,8976.0
496,Mongolia,2024,2690.0,16664.0,13975.0
499,Montenegro,2010,-1745.0,437.0,2182.0
499,Montenegro,2015,-1697.0,353.0,2050.0
499,Montenegro,2022,-2986.0,736.0,3722.0
499,Montenegro,2023,-3394.0,723.0,4116.0
499,Montenegro,2024,-3738.0,661.0,4399.0
500,Montserrat,1995,-49.0,2.0,51.0
500,Montserrat,2005,-28.0,1.0,30.0
500,Montserrat,2010,-28.0,1.0,29.0
500,Montserrat,2015,-26.0,3.0,30.0
500,Montserrat,2022,-33.0,7.0,39.0
500,Montserrat,2023,-42.0,6.0,48.0
500,Montserrat,2024,-25.0,13.0,38.0
504,Morocco,1995,-3822.0,4719.0,8540.0
504,Morocco,2005,-9618.0,11185.0,20803.0
504,Morocco,2010,-17614.0,17765.0,35379.0
504,Morocco,2015,-15793.0,22337.0,38130.0
504,Morocco,2022,-30394.0,42183.0,72578.0
504,Morocco,2023,-28182.0,42463.0,70645.0
504,Morocco,2024,-33068.0,46157.0,79225.0
508,Mozambique,1995,-553.0,174.0,727.0
508,Mozambique,2005,-663.0,1745.0,2408.0
508,Mozambique,2010,-1321.0,2243.0,3564.0
508,Mozambique,2015,-4677.0,3231.0,7908.0
508,Mozambique,2022,-6372.0,8299.0,14671.0
508,Mozambique,2023,-1816.0,8276.0,10092.0
508,Mozambique,2024,-1778.0,9183.0,10961.0
104,Myanmar,1995,-487.0,860.0,1346.0
104,Myanmar,2005,1869.0,3776.0,1907.0
104,Myanmar,2010,4008.0,8873.0,4866.0
104,Myanmar,2015,-5481.0,11432.0,16913.0
104,Myanmar,2022,-319.0,17085.0,17403.0
104,Myanmar,2023,-1687.0,14753.0,16440.0
104,Myanmar,2024,2472.0,14924.0,12452.0
516,Namibia,2005,201.0,2726.0,2525.0
516,Namibia,2010,-131.0,5848.0,5980.0
516,Namibia,2015,-3069.0,4628.0,7697.0
516,Namibia,2022,-1967.0,5828.0,7796.0
516,Namibia,2023,-1774.0,5526.0,7300.0
516,Namibia,2024,-2338.0,6544.0,8882.0
524,Nepal,1995,-985.0,345.0,1330.0
524,Nepal,2005,-1419.0,863.0,2282.0
524,Nepal,2010,-4242.0,874.0,5116.0
524,Nepal,2015,-5952.0,660.0,6612.0
524,Nepal,2022,-12443.0,1300.0,13744.0
524,Nepal,2023,-10892.0,1200.0,12092.0
524,Nepal,2024,-11873.0,1231.0,13104.0
528,Netherlands (Kingdom of the),1995,19697.0,177626.0,157929.0
528,Netherlands (Kingdom of the),2005,39222.0,349813.0,310591.0
528,Netherlands (Kingdom of the),2010,52659.0,492646.0,439987.0
528,Netherlands (Kingdom of the),2015,52053.0,464697.0,412644.0
528,Netherlands (Kingdom of the),2022,57487.0,768259.0,710772.0
528,Netherlands (Kingdom of the),2023,78425.0,734008.0,655583.0
528,Netherlands (Kingdom of the),2024,86886.0,722294.0,635409.0
530,Netherlands Antilles [former],1995,-476.0,1354.0,1830.0
530,Netherlands Antilles [former],2005,-803.0,91.0,894.0
530,Netherlands Antilles [former],2010,-1876.0,811.0,2687.0
540,New Caledonia,1995,-270.0,570.0,840.0
540,New Caledonia,2005,-660.0,1114.0,1774.0
540,New Caledonia,2010,-2036.0,1268.0,3303.0
540,New Caledonia,2015,-1291.0,1239.0,2529.0
540,New Caledonia,2022,-846.0,2231.0,3077.0
540,New Caledonia,2023,-1145.0,1733.0,2877.0
540,New Caledonia,2024,-368.0,1372.0,1740.0
554,New Zealand,1995,-212.0,13745.0,13958.0
554,New Zealand,2005,-4504.0,21729.0,26232.0
554,New Zealand,2010,777.0,31393.0,30616.0
554,New Zealand,2015,-2171.0,34357.0,36528.0
554,New Zealand,2022,-9235.0,45615.0,54850.0
554,New Zealand,2023,-8335.0,42124.0,50459.0
554,New Zealand,2024,-4744.0,42830.0,47574.0
558,Nicaragua,1995,-500.0,509.0,1009.0
558,Nicaragua,2005,-1670.0,866.0,2536.0
558,Nicaragua,2010,-2343.0,1848.0,4191.0
558,Nicaragua,2015,-1199.0,4667.0,5866.0
558,Nicaragua,2022,-3887.0,7360.0,11247.0
558,Nicaragua,2023,-3533.0,7378.0,10912.0
558,Nicaragua,2024,-4584.0,7669.0,12253.0
562,Niger,1995,-71.0,273.0,345.0
562,Niger,2005,-250.0,486.0,736.0
562,Niger,2010,-1794.0,479.0,2273.0
562,Niger,2015,-1669.0,790.0,2458.0
562,Niger,2022,-3356.0,423.0,3779.0
562,Niger,2023,-2682.0,467.0,3149.0
562,Niger,2024,-2153.0,452.0,2605.0
566,Nigeria,1995,4121.0,12342.0,8221.0
566,Nigeria,2005,33831.0,55145.0,21314.0
566,Nigeria,2010,42333.0,86568.0,44235.0
566,Nigeria,2015,14602.0,48433.0,33831.0
566,Nigeria,2022,2745.0,63417.0,60671.0
566,Nigeria,2023,81.0,65129.0,65048.0
566,Nigeria,2024,11394.0,52362.0,40968.0
807,North Macedonia,1995,-515.0,1204.0,1719.0
807,North Macedonia,2005,-1187.0,2041.0,3228.0
807,North Macedonia,2010,-2123.0,3351.0,5474.0
807,North Macedonia,2015,-1897.0,4530.0,6427.0
807,North Macedonia,2022,-4026.0,8729.0,12755.0
807,North Macedonia,2023,-3058.0,8995.0,12052.0
807,North Macedonia,2024,-3544.0,8423.0,11967.0
15,Northern Africa,1995,-12019.0,33043.0,45062.0
15,Northern Africa,2005,26533.0,114104.0,87571.0
15,Northern Africa,2010,-15603.0,165544.0,181147.0
15,Northern Africa,2015,-80831.0,124602.0,205432.0
15,Northern Africa,2022,-23650.0,240231.0,263881.0
15,Northern Africa,2023,-29760.0,219536.0,249295.0
15,Northern Africa,2024,-58073.0,211394.0,269467.0
21,Northern America,1995,-161818.0,774525.0,936343.0
21,Northern America,2005,-783295.0,1265374.0,2048668.0
21,Northern America,2010,-697713.0,1665220.0,2362932.0
21,Northern America,2015,-825163.0,1911491.0,2736654.0
21,Northern America,2022,-1286992.0,2659805.0,3946797.0
21,Northern America,2023,-1143101.0,2586225.0,3729326.0
21,Northern America,2024,-1283380.0,2633931.0,3917311.0
154,Northern Europe,1995,23682.0,494552.0,470870.0
154,Northern Europe,2005,-24391.0,913599.0,937990.0
154,Northern Europe,2010,-76262.0,1045978.0,1122240.0
154,Northern Europe,2015,-86279.0,1046161.0,1132440.0
154,Northern Europe,2022,-78662.0,1547605.0,1626267.0
154,Northern Europe,2023,-131167.0,1412459.0,1543626.0
154,Northern Europe,2024,-134260.0,1416079.0,1550339.0
580,Northern Mariana Islands,1995,313.0,941.0,628.0
580,Northern Mariana Islands,2005,-699.0,1254.0,1952.0
580,Northern Mariana Islands,2010,-1414.0,1453.0,2867.0
580,Northern Mariana Islands,2015,-2530.0,1685.0,4215.0
580,Northern Mariana Islands,2022,-5153.0,2072.0,7225.0
578,Norway,1995,9034.0,41740.0,32706.0
578,Norway,2005,48271.0,103759.0,55488.0
578,Norway,2010,53327.0,130657.0,77330.0
578,Norway,2015,27386.0,103785.0,76399.0
578,Norway,2022,169729.0,276926.0,107197.0
578,Norway,2023,80211.0,177196.0,96985.0
578,Norway,2024,67001.0,168267.0,101266.0
9,Oceania,1995,-5114.0,71642.0,76756.0
9,Oceania,2005,-26888.0,134548.0,161435.0
9,Oceania,2010,5752.0,253360.0,247608.0
9,Oceania,2015,-22706.0,233810.0,256516.0
9,Oceania,2022,69960.0,476224.0,406264.0
9,Oceania,2023,51614.0,427193.0,375579.0
9,Oceania,2024,21451.0,400423.0,378972.0
512,Oman,1995,1669.0,5917.0,4249.0
512,Oman,2005,9722.0,18692.0,8970.0
512,Oman,2010,16825.0,36600.0,19775.0
512,Oman,2015,6679.0,35686.0,29007.0
512,Oman,2022,27490.0,66063.0,38573.0
512,Oman,2023,20235.0,59011.0,38775.0
512,Oman,2024,7014.0,50658.0,43644.0
158,Other non-specified areas,1995,7838.0,111343.0,103506.0
158,Other non-specified areas,2005,7801.0,189393.0,181592.0
158,Other non-specified areas,2010,22391.0,273706.0,251315.0
158,Other non-specified areas,2015,51511.0,280019.0,228508.0
158,Other non-specified areas,2022,41266.0,477817.0,436551.0
158,Other non-specified areas,2023,73699.0,432204.0,358505.0
586,Pakistan,1995,-3546.0,8158.0,11704.0
586,Pakistan,2005,-9046.0,16050.0,25097.0
586,Pakistan,2010,-16124.0,21413.0,37537.0
586,Pakistan,2015,-21901.0,22089.0,43990.0
586,Pakistan,2022,-39407.0,30769.0,70176.0
586,Pakistan,2023,-21263.0,28746.0,50009.0
586,Pakistan,2024,-24046.0,32438.0,56484.0
585,Palau,1995,-47.0,14.0,60.0
585,Palau,2005,-143.0,14.0,156.0
585,Palau,2010,-96.0,12.0,107.0
585,Palau,2015,-144.0,6.0,150.0
585,Palau,2022,-314.0,5.0,319.0
585,Palau,2023,-385.0,2.0,387.0
585,Palau,2024,-335.0,17.0,352.0
591,Panama,1995,-1933.0,577.0,2511.0
591,Panama,2005,-3189.0,963.0,4152.0
591,Panama,2010,-5751.0,10987.0,16737.0
591,Panama,2015,-10460.0,12043.0,22503.0
591,Panama,2022,-11572.0,3652.0,15224.0
591,Panama,2023,-11154.0,3367.0,14521.0
591,Panama,2024,-12829.0,1158.0,13987.0
598,Papua New Guinea,1995,1202.0,2653.0,1451.0
598,Papua New Guinea,2005,1548.0,3276.0,1728.0
598,Papua New Guinea,2010,1792.0,5742.0,3950.0
598,Papua New Guinea,2015,877.0,6577.0,5700.0
598,Papua New Guinea,2022,6928.0,12712.0,5785.0
598,Papua New Guinea,2023,4716.0,11039.0,6323.0
598,Papua New Guinea,2024,5463.0,11829.0,6365.0
600,Paraguay,1995,-2217.0,919.0,3136.0
600,Paraguay,2005,-121.0,3153.0,3274.0
600,Paraguay,2010,-3517.0,6517.0,10033.0
600,Paraguay,2015,-1964.0,8328.0,10291.0
600,Paraguay,2022,-5931.0,9948.0,15880.0
600,Paraguay,2023,-4214.0,11891.0,16105.0
600,Paraguay,2024,-5878.0,10914.0,16793.0
604,Peru,1995,-2144.0,5440.0,7584.0
604,Peru,2005,4612.0,17114.0,12502.0
604,Peru,2010,5842.0,35807.0,29966.0
604,Peru,2015,-4359.0,33667.0,38026.0
604,Peru,2022,-2074.0,58172.0,60246.0
604,Peru,2023,12191.0,64355.0,52164.0
604,Peru,2024,9877.0,59775.0,49898.0
608,Philippines,1995,-11040.0,17447.0,28487.0
608,Philippines,2005,-8233.0,41255.0,49487.0
608,Philippines,2010,-6970.0,51498.0,58468.0
608,Philippines,2015,-11505.0,58648.0,70153.0
608,Philippines,2022,-66951.0,78929.0,145880.0
608,Philippines,2023,-60828.0,72923.0,133752.0
608,Philippines,2024,-61897.0,72984.0,134881.0
616,Poland,1995,-6157.0,22862.0,29019.0
616,Poland,2005,-12161.0,89378.0,101539.0
616,Poland,2010,-17063.0,157065.0,174128.0
616,Poland,2015,4765.0,194461.0,189696.0
616,Poland,2022,-21218.0,365751.0,386969.0
616,Poland,2023,10532.0,381933.0,371401.0
616,Poland,2024,837.0,380333.0,379496.0
61,Polynesia,1995,-887.0,201.0,1089.0
61,Polynesia,2005,-1893.0,314.0,2206.0
61,Polynesia,2010,-2095.0,238.0,2333.0
61,Polynesia,2015,-2044.0,222.0,2266.0
61,Polynesia,2022,-2902.0,227.0,3129.0
61,Polynesia,2023,-2802.0,305.0,3106.0
61,Polynesia,2024,-2951.0,224.0,3175.0
620,Portugal,1995,-10195.0,23370.0,33565.0
620,Portugal,2005,-25232.0,38672.0,63904.0
620,Portugal,2010,-28268.0,49414.0,77682.0
620,Portugal,2015,-11864.0,55045.0,66909.0
620,Portugal,2022,-32732.0,82560.0,115291.0
620,Portugal,2023,-29577.0,83909.0,113486.0
620,Portugal,2024,-29631.0,83014.0,112645.0
634,Qatar,1995,159.0,3557.0,3398.0
634,Qatar,2005,15702.0,25762.0,10061.0
634,Qatar,2010,51725.0,74964.0,23240.0
634,Qatar,2015,44479.0,77090.0,32611.0
634,Qatar,2022,97485.0,130964.0,33479.0
634,Qatar,2023,66320.0,97751.0,31431.0
634,Qatar,2024,56187.0,90148.0,33961.0
410,Republic of Korea,1995,-10052.0,125056.0,135109.0
410,Republic of Korea,2005,23183.0,284418.0,261236.0
410,Republic of Korea,2010,41173.0,466381.0,425208.0
410,Republic of Korea,2015,90266.0,526753.0,436487.0
410,Republic of Korea,2022,-47810.0,683551.0,731361.0
410,Republic of Korea,2023,-10746.0,631804.0,642550.0
410,Republic of Korea,2024,51400.0,683127.0,631727.0
498,Republic of Moldova,1995,-95.0,746.0,841.0
498,Republic of Moldova,2005,-1201.0,1091.0,2292.0
498,Republic of Moldova,2010,-2314.0,1541.0,3855.0
498,Republic of Moldova,2015,-2020.0,1967.0,3987.0
498,Republic of Moldova,2022,-4887.0,4332.0,9219.0
498,Republic of Moldova,2023,-4625.0,4049.0,8674.0
498,Republic of Moldova,2024,-5510.0,3555.0,9065.0
642,Romania,1995,-2368.0,7910.0,10278.0
642,Romania,2005,-12733.0,27730.0,40463.0
642,Romania,2010,-12593.0,49413.0,62007.0
642,Romania,2015,-9253.0,60605.0,69858.0
642,Romania,2022,-35870.0,96830.0,132700.0
642,Romania,2023,-31320.0,100642.0,131963.0
642,Romania,2024,-36148.0,100371.0,136519.0
643,Russian Federation,1995,33159.0,79869.0,46710.0
643,Russian Federation,2005,142744.0,241452.0,98707.0
643,Russian Federation,2010,168156.0,397068.0,228912.0
643,Russian Federation,2015,161126.0,343908.0,182782.0
643,Russian Federation,2022,354785.0,592378.0,237593.0
643,Russian Federation,2023,197000.0,455000.0,258000.0
643,Russian Federation,2024,175098.0,437266.0,262168.0
646,Rwanda,1995,-233.0,8.0,241.0
646,Rwanda,2005,-224.0,150.0,374.0
646,Rwanda,2010,-1163.0,242.0,1405.0
646,Rwanda,2015,-1777.0,594.0,2370.0
646,Rwanda,2022,-3105.0,2019.0,5125.0
646,Rwanda,2023,-3261.0,2038.0,5299.0
646,Rwanda,2024,-3095.0,1836.0,4931.0
638,Réunion,1995,-2502.0,209.0,2711.0
654,Saint Helena,1995,-12.0,1.0,13.0
654,Saint Helena,2005,-12.0,1.0,12.0
654,Saint Helena,2010,-20.0,0.0,20.0
654,Saint Helena,2015,-40.0,0.0,41.0
659,Saint Kitts and Nevis,1995,-113.0,19.0,132.0
659,Saint Kitts and Nevis,2005,-176.0,34.0,210.0
659,Saint Kitts and Nevis,2010,-238.0,32.0,270.0
659,Saint Kitts and Nevis,2015,-265.0,32.0,297.0
659,Saint Kitts and Nevis,2022,-465.0,40.0,506.0
659,Saint Kitts and Nevis,2023,-411.0,85.0,496.0
659,Saint Kitts and Nevis,2024,-450.0,53.0,503.0
662,Saint Lucia,1995,-197.0,109.0,306.0
662,Saint Lucia,2005,-422.0,64.0,486.0
662,Saint Lucia,2010,-432.0,215.0,647.0
662,Saint Lucia,2015,-403.0,181.0,583.0
662,Saint Lucia,2022,-2012.0,106.0,2118.0
662,Saint Lucia,2023,-1808.0,107.0,1916.0
662,Saint Lucia,2024,-2696.0,120.0,2816.0
666,Saint Pierre and Miquelon,1995,-80.0,16.0,96.0
666,Saint Pierre and Miquelon,2005,-185.0,31.0,216.0
666,Saint Pierre and Miquelon,2010,-610.0,137.0,747.0
666,Saint Pierre and Miquelon,2015,-1726.0,533.0,2259.0
670,Saint Vincent & Grenadines,1995,-75.0,59.0,134.0
670,Saint Vincent & Grenadines,2005,-201.0,40.0,240.0
670,Saint Vincent & Grenadines,2010,-338.0,42.0,379.0
670,Saint Vincent & Grenadines,2015,-287.0,47.0,334.0
670,Saint Vincent & Grenadines,2022,-393.0,45.0,438.0
670,Saint Vincent & Grenadines,2023,-416.0,41.0,456.0
670,Saint Vincent & Grenadines,2024,-416.0,64.0,480.0
882,Samoa,1995,-86.0,9.0,95.0
882,Samoa,2005,-151.0,87.0,239.0
882,Samoa,2010,-240.0,70.0,310.0
882,Samoa,2015,-312.0,59.0,371.0
882,Samoa,2022,-402.0,43.0,445.0
882,Samoa,2023,-430.0,43.0,473.0
882,Samoa,2024,-451.0,42.0,494.0
678,Sao Tome and Principe,1995,-24.0,5.0,29.0
678,Sao Tome and Principe,2005,-46.0,3.0,50.0
678,Sao Tome and Principe,2010,-106.0,6.0,112.0
678,Sao Tome and Principe,2015,-133.0,9.0,142.0
678,Sao Tome and Principe,2022,-174.0,23.0,196.0
678,Sao Tome and Principe,2023,-167.0,17.0,184.0
678,Sao Tome and Principe,2024,-338.0,3.0,341.0
682,Saudi Arabia,1995,20944.0,49030.0,28085.0
682,Saudi Arabia,2005,123045.0,180278.0,57233.0
682,Saudi Arabia,2010,146955.0,250577.0,103622.0
682,Saudi Arabia,2015,28903.0,203689.0,174786.0
682,Saudi Arabia,2022,221319.0,411184.0,189865.0
682,Saudi Arabia,2023,113079.0,320018.0,206940.0
682,Saudi Arabia,2024,84682.0,302021.0,217340.0
686,Senegal,1995,-1001.0,412.0,1413.0
686,Senegal,2005,-2027.0,1471.0,3498.0
686,Senegal,2010,-2691.0,2086.0,4777.0
686,Senegal,2015,-2984.0,2612.0,5595.0
686,Senegal,2022,-6354.0,5710.0,12065.0
686,Senegal,2023,-6562.0,5317.0,11879.0
686,Senegal,2024,-4856.0,6820.0,11676.0
688,Serbia,2010,-6940.0,9795.0,16735.0
688,Serbia,2015,-4831.0,13379.0,18210.0
688,Serbia,2022,-12084.0,29060.0,41144.0
688,Serbia,2023,-8893.0,30935.0,39828.0
688,Serbia,2024,-10618.0,31628.0,42246.0
891,Serbia and Monten. [former],1995,-1135.0,1531.0,2666.0
891,Serbia and Monten. [former],2005,-6963.0,4430.0,11393.0
690,Seychelles,1995,-202.0,53.0,255.0
690,Seychelles,2005,-335.0,340.0,675.0
690,Seychelles,2010,-763.0,418.0,1180.0
690,Seychelles,2015,-501.0,476.0,977.0
690,Seychelles,2022,-1514.0,605.0,2119.0
690,Seychelles,2023,-920.0,548.0,1468.0
690,Seychelles,2024,-1251.0,479.0,1730.0
694,Sierra Leone,1995,-89.0,42.0,131.0
694,Sierra Leone,2005,-187.0,154.0,341.0
694,Sierra Leone,2010,-457.0,319.0,776.0
694,Sierra Leone,2015,-1666.0,93.0,1759.0
694,Sierra Leone,2022,-1489.0,484.0,1973.0
694,Sierra Leone,2023,-1519.0,515.0,2034.0
694,Sierra Leone,2024,-1496.0,568.0,2064.0
702,Singapore,1995,-6240.0,118263.0,124503.0
702,Singapore,2005,29619.0,230344.0,200724.0
702,Singapore,2010,40169.0,353240.0,313071.0
702,Singapore,2015,49820.0,357941.0,308122.0
702,Singapore,2022,39553.0,514966.0,475413.0
702,Singapore,2023,52929.0,475349.0,422420.0
702,Singapore,2024,46908.0,505006.0,458098.0
703,Slovakia,1995,212.0,8374.0,8162.0
703,Slovakia,2005,-2016.0,32210.0,34226.0
703,Slovakia,2010,-338.0,65306.0,65644.0
703,Slovakia,2015,1905.0,75010.0,73105.0
703,Slovakia,2022,-7546.0,108238.0,115784.0
703,Slovakia,2023,1707.0,117063.0,115356.0
703,Slovakia,2024,658.0,111711.0,111053.0
705,Slovenia,1995,-1176.0,8316.0,9492.0
705,Slovenia,2005,-1730.0,17896.0,19626.0
705,Slovenia,2010,-2157.0,24435.0,26592.0
705,Slovenia,2015,717.0,26587.0,25870.0
705,Slovenia,2022,-4270.0,55306.0,59576.0
705,Slovenia,2023,-2183.0,59507.0,61690.0
705,Slovenia,2024,-8356.0,66611.0,74967.0
90,Solomon Islands,1995,14.0,168.0,154.0
90,Solomon Islands,2005,-68.0,70.0,139.0
90,Solomon Islands,2010,-112.0,215.0,328.0
90,Solomon Islands,2015,-65.0,400.0,466.0
90,Solomon Islands,2022,-226.0,397.0,623.0
90,Solomon Islands,2023,-253.0,403.0,655.0
90,Solomon Islands,2024,-210.0,454.0,663.0
706,Somalia,1995,0.0,38.0,38.0
706,Somalia,2005,-90.0,379.0,469.0
706,Somalia,2010,72.0,568.0,496.0
706,Somalia,2015,-1166.0,676.0,1842.0
706,Somalia,2022,-3423.0,732.0,4155.0
706,Somalia,2023,-3028.0,993.0,4022.0
706,Somalia,2024,-2868.0,1114.0,3982.0
710,South Africa,2005,-8042.0,46991.0,55033.0
710,South Africa,2010,-469.0,82631.0,83100.0
710,South Africa,2015,-5232.0,80036.0,85267.0
710,South Africa,2022,9736.0,121616.0,111880.0
710,South Africa,2023,3485.0,110608.0,107123.0
710,South Africa,2024,8869.0,110109.0,101240.0
5,South America,1995,-6706.0,127771.0,134476.0
5,South America,2005,103402.0,315113.0,211711.0
5,South America,2010,76194.0,524502.0,448308.0
5,South America,2015,-31152.0,458703.0,489855.0
5,South America,2022,26223.0,736711.0,710488.0
5,South America,2023,80268.0,699653.0,619384.0
5,South America,2024,91882.0,725683.0,633801.0
728,South Sudan,2015,1658.0,2193.0,535.0
728,South Sudan,2022,-827.0,532.0,1359.0
728,South Sudan,2023,-630.0,652.0,1282.0
728,South Sudan,2024,-982.0,527.0,1509.0
35,South-eastern Asia,1995,-33489.0,320454.0,353943.0
35,South-eastern Asia,2005,71061.0,655071.0,584010.0
35,South-eastern Asia,2010,100767.0,1054178.0,953410.0
35,South-eastern Asia,2015,71662.0,1172832.0,1101171.0
35,South-eastern Asia,2022,80754.0,1958321.0,1877568.0
35,South-eastern Asia,2023,97721.0,1811680.0,1713959.0
35,South-eastern Asia,2024,69298.0,1925070.0,1855771.0
18,Southern Africa,1995,1470.0,28214.0,26745.0
18,Southern Africa,2005,-7711.0,56076.0,63786.0
18,Southern Africa,2010,-2491.0,95232.0,97723.0
18,Southern Africa,2015,-10522.0,93420.0,103942.0
18,Southern Africa,2022,6965.0,138750.0,131784.0
18,Southern Africa,2023,-39.0,124562.0,124601.0
18,Southern Africa,2024,1594.0,123535.0,121941.0
34,Southern Asia,1995,-8171.0,65912.0,74082.0
34,Southern Asia,2005,-35997.0,193182.0,229179.0
34,Southern Asia,2010,-142448.0,354892.0,497340.0
34,Southern Asia,2015,-168940.0,390842.0,559782.0
34,Southern Asia,2022,-358203.0,627555.0,985759.0
34,Southern Asia,2023,-298985.0,578351.0,877336.0
34,Southern Asia,2024,-376083.0,537732.0,913815.0
39,Southern Europe,1995,-28196.0,372435.0,400631.0
39,Southern Europe,2005,-201064.0,660817.0,861881.0
39,Southern Europe,2010,-209088.0,830354.0,1039442.0
39,Southern Europe,2015,-47542.0,886410.0,933952.0
39,Southern Europe,2022,-255619.0,1361053.0,1616671.0
39,Southern Europe,2023,-139003.0,1378852.0,1517855.0
39,Southern Europe,2024,-131884.0,1365137.0,1497021.0
724,Spain,1995,-23783.0,89616.0,113399.0
724,Spain,2005,-96812.0,192798.0,289611.0
724,Spain,2010,-69282.0,246265.0,315547.0
724,Spain,2015,-27750.0,276959.0,304708.0
724,Spain,2022,-74769.0,424286.0,499055.0
724,Spain,2023,-48874.0,420170.0,469043.0
724,Spain,2024,-47600.0,403703.0,451303.0
144,Sri Lanka,1995,-966.0,3790.0,4756.0
144,Sri Lanka,2005,-2147.0,6160.0,8307.0
144,Sri Lanka,2010,-4050.0,8304.0,12354.0
144,Sri Lanka,2015,-8528.0,10440.0,18967.0
144,Sri Lanka,2022,-3967.0,13592.0,17560.0
144,Sri Lanka,2023,-4334.0,12052.0,16386.0
144,Sri Lanka,2024,-6282.0,12110.0,18392.0
275,State of Palestine,2005,-2332.0,335.0,2668.0
275,State of Palestine,2010,-3383.0,576.0,3959.0
275,State of Palestine,2015,-4268.0,958.0,5225.0
275,State of Palestine,2022,-7563.0,1525.0,9089.0
275,State of Palestine,2023,-6749.0,1521.0,8271.0
202,Sub-Saharan Africa,1995,1127.0,70417.0,69290.0
202,Sub-Saharan Africa,2005,33895.0,192552.0,158657.0
202,Sub-Saharan Africa,2010,43762.0,331050.0,287288.0
202,Sub-Saharan Africa,2015,-45632.0,296905.0,342537.0
202,Sub-Saharan Africa,2022,-26720.0,433070.0,459790.0
202,Sub-Saharan Africa,2023,-51129.0,419951.0,471079.0
202,Sub-Saharan Africa,2024,9297.0,428742.0,419445.0
729,Sudan,1995,,,1185.0
729,Sudan,2005,,,7367.0
729,Sudan,2010,,,11875.0
729,Sudan,2015,-2826.0,5588.0,8413.0
729,Sudan,2022,11679.0,23089.0,11410.0
729,Sudan,2023,18298.0,24041.0,5742.0
729,Sudan,2024,14604.0,18531.0,3926.0
736,Sudan [former],1995,-500.0,685.0,
736,Sudan [former],2005,-2861.0,4506.0,
736,Sudan [former],2010,-346.0,11529.0,
740,Suriname,1995,-100.0,483.0,583.0
740,Suriname,2005,-53.0,997.0,1050.0
740,Suriname,2010,628.0,2026.0,1397.0
740,Suriname,2015,-90.0,1814.0,1904.0
740,Suriname,2022,1033.0,2836.0,1803.0
740,Suriname,2023,614.0,2311.0,1697.0
740,Suriname,2024,-266.0,1484.0,1751.0
752,Sweden,1995,15790.0,77436.0,61647.0
752,Sweden,2005,18912.0,130264.0,111351.0
752,Sweden,2010,9622.0,158411.0,148788.0
752,Sweden,2015,2019.0,140006.0,137987.0
752,Sweden,2022,-5470.0,197528.0,202997.0
752,Sweden,2023,4292.0,197534.0,193241.0
752,Sweden,2024,6787.0,195760.0,188973.0
756,Switzerland,1995,1489.0,81641.0,80152.0
756,Switzerland,2005,4356.0,130930.0,126574.0
756,Switzerland,2010,19329.0,195609.0,176281.0
756,Switzerland,2015,38439.0,289629.0,251190.0
756,Switzerland,2022,43822.0,400057.0,356235.0
756,Switzerland,2023,54550.0,419923.0,365372.0
756,Switzerland,2024,75481.0,446843.0,371362.0
760,Syrian Arab Republic,1995,-1084.0,3561.0,4645.0
760,Syrian Arab Republic,2005,-1448.0,6450.0,7898.0
760,Syrian Arab Republic,2010,-6209.0,11353.0,17562.0
760,Syrian Arab Republic,2015,-5386.0,887.0,6273.0
760,Syrian Arab Republic,2022,-4318.0,2025.0,6344.0
760,Syrian Arab Republic,2023,-2719.0,3048.0,5767.0
760,Syrian Arab Republic,2024,-2940.0,3299.0,6238.0
762,Tajikistan,1995,-61.0,748.0,809.0
762,Tajikistan,2005,-424.0,905.0,1329.0
762,Tajikistan,2010,-1453.0,1206.0,2659.0
762,Tajikistan,2015,-2238.0,979.0,3216.0
762,Tajikistan,2022,-3514.0,1669.0,5183.0
762,Tajikistan,2023,-2989.0,1261.0,4250.0
762,Tajikistan,2024,-2460.0,1608.0,4068.0
764,Thailand,1995,-14341.0,56439.0,70781.0
764,Thailand,2005,-8054.0,110110.0,118164.0
764,Thailand,2010,12918.0,195312.0,182393.0
764,Thailand,2015,11667.0,214309.0,202642.0
764,Thailand,2022,-13596.0,287424.0,301020.0
764,Thailand,2023,-3425.0,285074.0,288499.0
764,Thailand,2024,-6796.0,300759.0,307555.0
626,Timor-Leste,1995,-78.0,34.0,112.0
626,Timor-Leste,2005,-58.0,43.0,102.0
626,Timor-Leste,2010,-205.0,42.0,246.0
626,Timor-Leste,2015,-991.0,27.0,1018.0
626,Timor-Leste,2022,-462.0,472.0,933.0
626,Timor-Leste,2023,-746.0,164.0,909.0
626,Timor-Leste,2024,-920.0,35.0,955.0
768,Togo,1995,-174.0,383.0,556.0
768,Togo,2005,-233.0,360.0,593.0
768,Togo,2010,-609.0,741.0,1350.0
768,Togo,2015,-1085.0,793.0,1878.0
768,Togo,2022,-1443.0,1348.0,2791.0
768,Togo,2023,-1593.0,1456.0,3049.0
768,Togo,2024,-1596.0,1372.0,2968.0
772,Tokelau,1995,0.0,0.0,1.0
772,Tokelau,2005,-1.0,0.0,1.0
772,Tokelau,2010,-1.0,0.0,1.0
772,Tokelau,2015,-1.0,0.0,1.0
772,Tokelau,2022,-1.0,0.0,1.0
776,Tonga,1995,-63.0,15.0,77.0
776,Tonga,2005,-110.0,10.0,120.0
776,Tonga,2010,-151.0,8.0,159.0
776,Tonga,2015,-151.0,15.0,165.0
776,Tonga,2022,-246.0,12.0,258.0
776,Tonga,2023,-248.0,9.0,258.0
776,Tonga,2024,-302.0,17.0,319.0
1,"Total, all countries or areas",1995,-48819.0,5050238.0,5099057.0
1,"Total, all countries or areas",2005,-209548.0,10377926.0,10587474.0
1,"Total, all countries or areas",2010,-172897.0,15102218.0,15275115.0
1,"Total, all countries or areas",2015,-163298.0,16256713.0,16420011.0
1,"Total, all countries or areas",2022,-687643.0,24554168.0,25241811.0
1,"Total, all countries or areas",2023,-350708.0,23427648.0,23778357.0
1,"Total, all countries or areas",2024,-413521.0,23413421.0,23826942.0
780,Trinidad and Tobago,1995,622.0,2007.0,1386.0
780,Trinidad and Tobago,2005,3918.0,9611.0,5694.0
780,Trinidad and Tobago,2010,4502.0,10982.0,6480.0
780,Trinidad and Tobago,2015,1509.0,10748.0,9239.0
780,Trinidad and Tobago,2022,5326.0,11529.0,6203.0
780,Trinidad and Tobago,2023,-1291.0,7820.0,9111.0
780,Trinidad and Tobago,2024,241.0,7911.0,7670.0
788,Tunisia,1995,-2428.0,5475.0,7903.0
788,Tunisia,2005,-2681.0,10494.0,13174.0
788,Tunisia,2010,-5789.0,16427.0,22215.0
788,Tunisia,2015,-6149.0,14073.0,20223.0
788,Tunisia,2022,-8127.0,18545.0,26673.0
788,Tunisia,2023,-5891.0,20040.0,25930.0
788,Tunisia,2024,-5925.0,20253.0,26178.0
795,Turkmenistan,1995,-687.0,677.0,1364.0
795,Turkmenistan,2005,792.0,3009.0,2217.0
795,Turkmenistan,2010,935.0,3335.0,2400.0
795,Turkmenistan,2015,3473.0,9666.0,6193.0
795,Turkmenistan,2022,10094.0,13550.0,3456.0
795,Turkmenistan,2023,10372.0,14393.0,4021.0
795,Turkmenistan,2024,8645.0,12533.0,3888.0
796,Turks and Caicos Islands,1995,-46.0,5.0,51.0
796,Turks and Caicos Islands,2005,-289.0,15.0,304.0
796,Turks and Caicos Islands,2010,-286.0,16.0,302.0
796,Turks and Caicos Islands,2015,-405.0,5.0,410.0
796,Turks and Caicos Islands,2022,-679.0,3.0,681.0
798,Tuvalu,1995,-6.0,0.0,6.0
798,Tuvalu,2005,-13.0,0.0,13.0
798,Tuvalu,2010,-12.0,0.0,12.0
798,Tuvalu,2015,-41.0,3.0,44.0
798,Tuvalu,2022,-61.0,22.0,83.0
798,Tuvalu,2023,-64.0,8.0,73.0
798,Tuvalu,2024,-67.0,6.0,73.0
792,Türkiye,1995,-14109.0,21599.0,35707.0
792,Türkiye,2005,-43298.0,73476.0,116774.0
792,Türkiye,2010,-71661.0,113883.0,185544.0
792,Türkiye,2015,-62637.0,150982.0,213619.0
792,Türkiye,2022,-109541.0,254170.0,363711.0
792,Türkiye,2023,-106339.0,255627.0,361967.0
792,Türkiye,2024,-82224.0,261789.0,344013.0
800,Uganda,1995,-462.0,575.0,1038.0
800,Uganda,2005,-1241.0,813.0,2054.0
800,Uganda,2010,-3046.0,1619.0,4664.0
800,Uganda,2015,-3261.0,2267.0,5528.0
800,Uganda,2022,-6170.0,3577.0,9748.0
800,Uganda,2023,-5475.0,6305.0,11780.0
800,Uganda,2024,-4471.0,8050.0,12521.0
804,Ukraine,1995,-2356.0,13128.0,15484.0
804,Ukraine,2005,-1894.0,34228.0,36122.0
804,Ukraine,2010,-9307.0,51430.0,60737.0
804,Ukraine,2015,611.0,38127.0,37516.0
804,Ukraine,2022,-10781.0,44443.0,55224.0
804,Ukraine,2023,-27376.0,36186.0,63562.0
804,Ukraine,2024,-35315.0,48738.0,84053.0
784,United Arab Emirates,1995,6915.0,27691.0,20776.0
784,United Arab Emirates,2005,34639.0,115453.0,80814.0
784,United Arab Emirates,2010,11361.0,198362.0,187001.0
784,United Arab Emirates,2015,13454.0,300479.0,287025.0
784,United Arab Emirates,2022,95128.0,515621.0,420493.0
784,United Arab Emirates,2023,99709.0,570245.0,470536.0
784,United Arab Emirates,2024,61718.0,585081.0,523363.0
826,United Kingdom,1995,-27084.0,234372.0,261456.0
826,United Kingdom,2005,-135717.0,392744.0,528461.0
826,United Kingdom,2010,-205603.0,422014.0,627618.0
826,United Kingdom,2015,-163955.0,466296.0,630251.0
826,United Kingdom,2022,-286496.0,535135.0,821631.0
826,United Kingdom,2023,-270450.0,521207.0,791657.0
826,United Kingdom,2024,-300520.0,508685.0,809206.0
834,United Rep. of Tanzania,1995,-968.0,685.0,1653.0
834,United Rep. of Tanzania,2005,-1575.0,1672.0,3247.0
834,United Rep. of Tanzania,2010,-3962.0,4051.0,8013.0
834,United Rep. of Tanzania,2015,-8852.0,5854.0,14706.0
834,United Rep. of Tanzania,2022,-8830.0,6825.0,15654.0
834,United Rep. of Tanzania,2023,-7843.0,7274.0,15117.0
834,United Rep. of Tanzania,2024,-9945.0,7711.0,17656.0
840,United States of America,1995,-187857.0,582965.0,770821.0
840,United States of America,2005,-827981.0,904339.0,1732321.0
840,United States of America,2010,-690161.0,1278099.0,1968260.0
840,United States of America,2015,-811579.0,1501846.0,2313425.0
840,United States of America,2022,-1310812.0,2062090.0,3372902.0
840,United States of America,2023,-1149929.0,2018543.0,3168471.0
840,United States of America,2024,-1293010.0,2063803.0,3356813.0
858,Uruguay,1995,-760.0,2106.0,2866.0
858,Uruguay,2005,-457.0,3422.0,3879.0
858,Uruguay,2010,-1898.0,6724.0,8622.0
858,Uruguay,2015,-1820.0,7670.0,9489.0
858,Uruguay,2022,-1790.0,11184.0,12973.0
858,Uruguay,2023,-3293.0,9193.0,12486.0
858,Uruguay,2024,-2307.0,10218.0,12525.0
860,Uzbekistan,1995,844.0,3718.0,2874.0
860,Uzbekistan,2005,801.0,4458.0,3657.0
860,Uzbekistan,2010,3008.0,11688.0,8680.0
860,Uzbekistan,2015,-14963.0,5052.0,20016.0
860,Uzbekistan,2022,-12977.0,15287.0,28264.0
860,Uzbekistan,2023,-15643.0,21017.0,36660.0
860,Uzbekistan,2024,-23668.0,31856.0,55524.0
548,Vanuatu,1995,-67.0,28.0,95.0
548,Vanuatu,2005,-111.0,38.0,149.0
548,Vanuatu,2010,-230.0,46.0,276.0
548,Vanuatu,2015,-195.0,60.0,255.0
548,Vanuatu,2022,-255.0,60.0,314.0
548,Vanuatu,2023,-150.0,57.0,207.0
548,Vanuatu,2024,-203.0,55.0,258.0
862,Venezuela (Boliv. Rep. of),1995,8302.0,19093.0,10791.0
862,Venezuela (Boliv. Rep. of),2005,33565.0,55413.0,21848.0
862,Venezuela (Boliv. Rep. of),2010,34620.0,66963.0,32343.0
862,Venezuela (Boliv. Rep. of),2015,-2898.0,37248.0,40146.0
862,Venezuela (Boliv. Rep. of),2022,-9529.0,4217.0,13746.0
862,Venezuela (Boliv. Rep. of),2023,-6892.0,7516.0,14408.0
862,Venezuela (Boliv. Rep. of),2024,-4963.0,14260.0,19224.0
704,Viet Nam,1995,-2706.0,5449.0,8155.0
704,Viet Nam,2005,-4314.0,32447.0,36761.0
704,Viet Nam,2010,-12602.0,72237.0,84839.0
704,Viet Nam,2015,-3759.0,162017.0,165776.0
704,Viet Nam,2022,12121.0,370909.0,358788.0
704,Viet Nam,2023,27634.0,353078.0,325444.0
704,Viet Nam,2024,25450.0,396249.0,370799.0
876,Wallis and Futuna Islands,1995,-13.0,0.0,13.0
876,Wallis and Futuna Islands,2005,-50.0,1.0,51.0
876,Wallis and Futuna Islands,2010,-34.0,1.0,35.0
876,Wallis and Futuna Islands,2015,-48.0,1.0,49.0
876,Wallis and Futuna Islands,2022,-78.0,2.0,79.0
11,Western Africa,1995,2597.0,21750.0,19153.0
11,Western Africa,2005,26273.0,71221.0,44948.0
11,Western Africa,2010,30194.0,113448.0,83254.0
11,Western Africa,2015,-471.0,88940.0,89411.0
11,Western Africa,2022,-23951.0,126439.0,150390.0
11,Western Africa,2023,-28868.0,128338.0,157206.0
11,Western Africa,2024,-10754.0,124816.0,135570.0
145,Western Asia,1995,-1159.0,154177.0,155335.0
145,Western Asia,2005,150158.0,557564.0,407407.0
145,Western Asia,2010,169907.0,919156.0,749249.0
145,Western Asia,2015,20849.0,982227.0,961378.0
145,Western Asia,2022,399479.0,1772387.0,1372909.0
145,Western Asia,2023,219359.0,1641163.0,1421803.0
145,Western Asia,2024,130067.0,1619188.0,1489121.0
155,Western Europe,1995,80851.0,1276184.0,1195333.0
155,Western Europe,2005,208895.0,2358357.0,2149462.0
155,Western Europe,2010,195679.0,3034038.0,2838360.0
155,Western Europe,2015,277495.0,2988080.0,2710585.0
155,Western Europe,2022,-35594.0,4157059.0,4192653.0
155,Western Europe,2023,189448.0,4117184.0,3927736.0
155,Western Europe,2024,307476.0,4105834.0,3798358.0
887,Yemen,1995,105.0,1917.0,1812.0
887,Yemen,2005,208.0,5608.0,5400.0
887,Yemen,2010,-2818.0,6437.0,9255.0
887,Yemen,2015,-6063.0,510.0,6573.0
887,Yemen,2022,-5276.0,90.0,5367.0
887,Yemen,2023,-4554.0,60.0,4614.0
887,Yemen,2024,-4323.0,51.0,4374.0
894,Zambia,1995,347.0,1055.0,708.0
894,Zambia,2005,-748.0,1810.0,2558.0
894,Zambia,2010,1879.0,7200.0,5321.0
894,Zambia,2015,-1367.0,6565.0,7932.0
894,Zambia,2022,2639.0,11643.0,9004.0
894,Zambia,2023,306.0,10431.0,10125.0
894,Zambia,2024,2357.0,13121.0,10764.0
716,Zimbabwe,1995,-813.0,1846.0,2659.0
716,Zimbabwe,2005,-679.0,1394.0,2072.0
716,Zimbabwe,2010,-2653.0,3199.0,5852.0
716,Zimbabwe,2015,-2642.0,3411.0,6053.0
716,Zimbabwe,2022,-2018.0,6586.0,8604.0
716,Zimbabwe,2023,-1976.0,7226.0,9202.0
716,Zimbabwe,2024,-2099.0,7434.0,9533.0
